Experiment,Replicate,Condition,Enhancer,Promoter,Intensity,Vector
E1,P1,Ade-,ACO1,ACO1,28480,22047
E1,P2,Ade-,ACO1,ACO1,27797,23753
E1,P3,Ade-,ACO1,ACO1,28105,24158
E1,P1,Ade-,ACO1,ADE2,31968,22047
E1,P2,Ade-,ACO1,ADE2,27715,23753
E1,P3,Ade-,ACO1,ADE2,30436,24158
E1,P1,Ade-,ACO1,ICL1,25236,22047
E1,P2,Ade-,ACO1,ICL1,23972,23753
E1,P3,Ade-,ACO1,ICL1,26814,24158
E1,P1,Ade-,ACO1,LEU9,22056,22047
E1,P2,Ade-,ACO1,LEU9,20369,23753
E1,P3,Ade-,ACO1,LEU9,21706,24158
E1,P1,Ade-,ACO1,PDC1,47808,22047
E1,P2,Ade-,ACO1,PDC1,49655,23753
E1,P3,Ade-,ACO1,PDC1,45032,24158
E1,P1,Ade-,ACO1,PGK1,28296,22047
E1,P2,Ade-,ACO1,PGK1,28547,23753
E1,P3,Ade-,ACO1,PGK1,29676,24158
E1,P1,Ade-,ACO1,RPL28,26088,22047
E1,P2,Ade-,ACO1,RPL28,26230,23753
E1,P3,Ade-,ACO1,RPL28,28348,24158
E1,P1,Ade-,ACO1,TDH3,37259,22047
E1,P2,Ade-,ACO1,TDH3,41382,23753
E1,P3,Ade-,ACO1,TDH3,39529,24158
E1,P1,Ade-,ACO1,TPI1,36081,22047
E1,P2,Ade-,ACO1,TPI1,39939,23753
E1,P3,Ade-,ACO1,TPI1,37798,24158
E1,P1,Ade-,ADE2,ACO1,31555,22047
E1,P2,Ade-,ADE2,ACO1,27760,23753
E1,P3,Ade-,ADE2,ACO1,32185,24158
E1,P1,Ade-,ADE2,ADE2,34605,22047
E1,P2,Ade-,ADE2,ADE2,34781,23753
E1,P3,Ade-,ADE2,ADE2,34009,24158
E1,P1,Ade-,ADE2,ICL1,26146,22047
E1,P2,Ade-,ADE2,ICL1,25149,23753
E1,P3,Ade-,ADE2,ICL1,28576,24158
E1,P1,Ade-,ADE2,LEU9,23407,22047
E1,P2,Ade-,ADE2,LEU9,20354,23753
E1,P3,Ade-,ADE2,LEU9,26951,24158
E1,P1,Ade-,ADE2,PDC1,56346,22047
E1,P2,Ade-,ADE2,PDC1,88441,23753
E1,P3,Ade-,ADE2,PDC1,44492,24158
E1,P1,Ade-,ADE2,PGK1,34453,22047
E1,P2,Ade-,ADE2,PGK1,38250,23753
E1,P3,Ade-,ADE2,PGK1,32110,24158
E1,P1,Ade-,ADE2,RPL28,34423,22047
E1,P2,Ade-,ADE2,RPL28,35131,23753
E1,P3,Ade-,ADE2,RPL28,30489,24158
E1,P1,Ade-,ADE2,TDH3,61105,22047
E1,P2,Ade-,ADE2,TDH3,133034,23753
E1,P3,Ade-,ADE2,TDH3,78923,24158
E1,P1,Ade-,ADE2,TPI1,55705,22047
E1,P2,Ade-,ADE2,TPI1,50420,23753
E1,P3,Ade-,ADE2,TPI1,50779,24158
E1,P1,Ade-,ICL1,ACO1,22467,22047
E1,P2,Ade-,ICL1,ACO1,22015,23753
E1,P3,Ade-,ICL1,ACO1,24051,24158
E1,P1,Ade-,ICL1,ADE2,24084,22047
E1,P2,Ade-,ICL1,ADE2,22672,23753
E1,P3,Ade-,ICL1,ADE2,25011,24158
E1,P1,Ade-,ICL1,ICL1,21354,22047
E1,P2,Ade-,ICL1,ICL1,20686,23753
E1,P3,Ade-,ICL1,ICL1,23489,24158
E1,P1,Ade-,ICL1,LEU9,20750,22047
E1,P2,Ade-,ICL1,LEU9,19761,23753
E1,P3,Ade-,ICL1,LEU9,20344,24158
E1,P1,Ade-,ICL1,PDC1,25190,22047
E1,P2,Ade-,ICL1,PDC1,24621,23753
E1,P3,Ade-,ICL1,PDC1,25549,24158
E1,P1,Ade-,ICL1,PGK1,21844,22047
E1,P2,Ade-,ICL1,PGK1,21073,23753
E1,P3,Ade-,ICL1,PGK1,22325,24158
E1,P1,Ade-,ICL1,RPL28,20953,22047
E1,P2,Ade-,ICL1,RPL28,20984,23753
E1,P3,Ade-,ICL1,RPL28,22956,24158
E1,P1,Ade-,ICL1,TDH3,24132,22047
E1,P2,Ade-,ICL1,TDH3,24579,23753
E1,P3,Ade-,ICL1,TDH3,24988,24158
E1,P1,Ade-,ICL1,TPI1,22770,22047
E1,P2,Ade-,ICL1,TPI1,23788,23753
E1,P3,Ade-,ICL1,TPI1,27957,24158
E1,P1,Ade-,LEU9,ACO1,30255,22047
E1,P2,Ade-,LEU9,ACO1,32108,23753
E1,P3,Ade-,LEU9,ACO1,28713,24158
E1,P1,Ade-,LEU9,ADE2,18063,22047
E1,P2,Ade-,LEU9,ADE2,19445,23753
E1,P3,Ade-,LEU9,ADE2,21124,24158
E1,P1,Ade-,LEU9,ICL1,41567,22047
E1,P2,Ade-,LEU9,ICL1,35016,23753
E1,P3,Ade-,LEU9,ICL1,57413,24158
E1,P1,Ade-,LEU9,LEU9,19267,22047
E1,P2,Ade-,LEU9,LEU9,19089,23753
E1,P3,Ade-,LEU9,LEU9,21210,24158
E1,P1,Ade-,LEU9,PDC1,66018,22047
E1,P2,Ade-,LEU9,PDC1,63439,23753
E1,P3,Ade-,LEU9,PDC1,50528,24158
E1,P1,Ade-,LEU9,PGK1,36808,22047
E1,P2,Ade-,LEU9,PGK1,41155,23753
E1,P3,Ade-,LEU9,PGK1,34603,24158
E1,P1,Ade-,LEU9,RPL28,31447,22047
E1,P2,Ade-,LEU9,RPL28,31016,23753
E1,P3,Ade-,LEU9,RPL28,33488,24158
E1,P1,Ade-,LEU9,TDH3,75813,22047
E1,P2,Ade-,LEU9,TDH3,85541,23753
E1,P3,Ade-,LEU9,TDH3,84402,24158
E1,P1,Ade-,LEU9,TPI1,43209,22047
E1,P2,Ade-,LEU9,TPI1,48114,23753
E1,P3,Ade-,LEU9,TPI1,62120,24158
E1,P1,Ade-,PDC1,ACO1,34800,22047
E1,P2,Ade-,PDC1,ACO1,38525,23753
E1,P3,Ade-,PDC1,ACO1,35655,24158
E1,P1,Ade-,PDC1,ADE2,44776,22047
E1,P2,Ade-,PDC1,ADE2,36431,23753
E1,P3,Ade-,PDC1,ADE2,41803,24158
E1,P1,Ade-,PDC1,ICL1,32106,22047
E1,P2,Ade-,PDC1,ICL1,31339,23753
E1,P3,Ade-,PDC1,ICL1,33320,24158
E1,P1,Ade-,PDC1,LEU9,21446,22047
E1,P2,Ade-,PDC1,LEU9,19794,23753
E1,P3,Ade-,PDC1,LEU9,22326,24158
E1,P1,Ade-,PDC1,PDC1,71336,22047
E1,P2,Ade-,PDC1,PDC1,98531,23753
E1,P3,Ade-,PDC1,PDC1,75733,24158
E1,P1,Ade-,PDC1,PGK1,42456,22047
E1,P2,Ade-,PDC1,PGK1,54348,23753
E1,P3,Ade-,PDC1,PGK1,47561,24158
E1,P1,Ade-,PDC1,RPL28,37002,22047
E1,P2,Ade-,PDC1,RPL28,39232,23753
E1,P3,Ade-,PDC1,RPL28,38200,24158
E1,P1,Ade-,PDC1,TDH3,59731,22047
E1,P2,Ade-,PDC1,TDH3,91292,23753
E1,P3,Ade-,PDC1,TDH3,79396,24158
E1,P1,Ade-,PDC1,TPI1,50649,22047
E1,P2,Ade-,PDC1,TPI1,72200,23753
E1,P3,Ade-,PDC1,TPI1,62265,24158
E1,P1,Ade-,PGK1,ACO1,49112,22047
E1,P2,Ade-,PGK1,ACO1,56409,23753
E1,P3,Ade-,PGK1,ACO1,47721,24158
E1,P1,Ade-,PGK1,ADE2,54054,22047
E1,P2,Ade-,PGK1,ADE2,49028,23753
E1,P3,Ade-,PGK1,ADE2,48769,24158
E1,P1,Ade-,PGK1,ICL1,48073,22047
E1,P2,Ade-,PGK1,ICL1,64380,23753
E1,P3,Ade-,PGK1,ICL1,57839,24158
E1,P1,Ade-,PGK1,LEU9,22192,22047
E1,P2,Ade-,PGK1,LEU9,20280,23753
E1,P3,Ade-,PGK1,LEU9,21582,24158
E1,P1,Ade-,PGK1,PDC1,93714,22047
E1,P2,Ade-,PGK1,PDC1,136932,23753
E1,P3,Ade-,PGK1,PDC1,108468,24158
E1,P1,Ade-,PGK1,PGK1,55478,22047
E1,P2,Ade-,PGK1,PGK1,61471,23753
E1,P3,Ade-,PGK1,PGK1,63521,24158
E1,P1,Ade-,PGK1,RPL28,43349,22047
E1,P2,Ade-,PGK1,RPL28,49944,23753
E1,P3,Ade-,PGK1,RPL28,46822,24158
E1,P1,Ade-,PGK1,TDH3,95250,22047
E1,P2,Ade-,PGK1,TDH3,122185,23753
E1,P3,Ade-,PGK1,TDH3,112760,24158
E1,P1,Ade-,PGK1,TPI1,66449,22047
E1,P2,Ade-,PGK1,TPI1,76426,23753
E1,P3,Ade-,PGK1,TPI1,77720,24158
E1,P1,Ade-,RPL28,ACO1,51911,22047
E1,P2,Ade-,RPL28,ACO1,52506,23753
E1,P3,Ade-,RPL28,ACO1,50356,24158
E1,P1,Ade-,RPL28,ADE2,40017,22047
E1,P2,Ade-,RPL28,ADE2,34048,23753
E1,P3,Ade-,RPL28,ADE2,34731,24158
E1,P1,Ade-,RPL28,ICL1,20787,22047
E1,P2,Ade-,RPL28,ICL1,19567,23753
E1,P3,Ade-,RPL28,ICL1,20986,24158
E1,P1,Ade-,RPL28,LEU9,22347,22047
E1,P2,Ade-,RPL28,LEU9,21280,23753
E1,P3,Ade-,RPL28,LEU9,22480,24158
E1,P1,Ade-,RPL28,PDC1,31287,22047
E1,P2,Ade-,RPL28,PDC1,32846,23753
E1,P3,Ade-,RPL28,PDC1,32328,24158
E1,P1,Ade-,RPL28,PGK1,33861,22047
E1,P2,Ade-,RPL28,PGK1,37142,23753
E1,P3,Ade-,RPL28,PGK1,35161,24158
E1,P1,Ade-,RPL28,RPL28,31952,22047
E1,P2,Ade-,RPL28,RPL28,32876,23753
E1,P3,Ade-,RPL28,RPL28,34702,24158
E1,P1,Ade-,RPL28,TDH3,55536,22047
E1,P2,Ade-,RPL28,TDH3,58626,23753
E1,P3,Ade-,RPL28,TDH3,55949,24158
E1,P1,Ade-,RPL28,TPI1,46411,22047
E1,P2,Ade-,RPL28,TPI1,43904,23753
E1,P3,Ade-,RPL28,TPI1,46275,24158
E1,P1,Ade-,TDH3,ACO1,52011,22047
E1,P2,Ade-,TDH3,ACO1,104907,23753
E1,P3,Ade-,TDH3,ACO1,106412,24158
E1,P1,Ade-,TDH3,ADE2,81332,22047
E1,P2,Ade-,TDH3,ADE2,155117,23753
E1,P3,Ade-,TDH3,ADE2,61143,24158
E1,P1,Ade-,TDH3,ICL1,55632,22047
E1,P2,Ade-,TDH3,ICL1,82451,23753
E1,P3,Ade-,TDH3,ICL1,124367,24158
E1,P1,Ade-,TDH3,LEU9,21372,22047
E1,P2,Ade-,TDH3,LEU9,20735,23753
E1,P3,Ade-,TDH3,LEU9,22341,24158
E1,P1,Ade-,TDH3,PDC1,134086,22047
E1,P2,Ade-,TDH3,PDC1,219642,23753
E1,P3,Ade-,TDH3,PDC1,225318,24158
E1,P1,Ade-,TDH3,PGK1,66682,22047
E1,P2,Ade-,TDH3,PGK1,78809,23753
E1,P3,Ade-,TDH3,PGK1,92686,24158
E1,P1,Ade-,TDH3,RPL28,49897,22047
E1,P2,Ade-,TDH3,RPL28,74907,23753
E1,P3,Ade-,TDH3,RPL28,99015,24158
E1,P1,Ade-,TDH3,TDH3,108983,22047
E1,P2,Ade-,TDH3,TDH3,149139,23753
E1,P3,Ade-,TDH3,TDH3,128537,24158
E1,P1,Ade-,TDH3,TPI1,100031,22047
E1,P2,Ade-,TDH3,TPI1,149382,23753
E1,P3,Ade-,TDH3,TPI1,199095,24158
E1,P1,Ade-,TPI1,ACO1,39924,22047
E1,P2,Ade-,TPI1,ACO1,41904,23753
E1,P3,Ade-,TPI1,ACO1,44856,24158
E1,P1,Ade-,TPI1,ADE2,46919,22047
E1,P2,Ade-,TPI1,ADE2,39074,23753
E1,P3,Ade-,TPI1,ADE2,39925,24158
E1,P1,Ade-,TPI1,ICL1,33087,22047
E1,P2,Ade-,TPI1,ICL1,36916,23753
E1,P3,Ade-,TPI1,ICL1,40847,24158
E1,P1,Ade-,TPI1,LEU9,20443,22047
E1,P2,Ade-,TPI1,LEU9,20859,23753
E1,P3,Ade-,TPI1,LEU9,22086,24158
E1,P1,Ade-,TPI1,PDC1,85576,22047
E1,P2,Ade-,TPI1,PDC1,90583,23753
E1,P3,Ade-,TPI1,PDC1,93796,24158
E1,P1,Ade-,TPI1,PGK1,45672,22047
E1,P2,Ade-,TPI1,PGK1,53391,23753
E1,P3,Ade-,TPI1,PGK1,47709,24158
E1,P1,Ade-,TPI1,RPL28,37501,22047
E1,P2,Ade-,TPI1,RPL28,37722,23753
E1,P3,Ade-,TPI1,RPL28,44706,24158
E1,P1,Ade-,TPI1,TDH3,86940,22047
E1,P2,Ade-,TPI1,TDH3,96918,23753
E1,P3,Ade-,TPI1,TDH3,95111,24158
E1,P1,Ade-,TPI1,TPI1,65354,22047
E1,P2,Ade-,TPI1,TPI1,68488,23753
E1,P3,Ade-,TPI1,TPI1,75460,24158
E1,P1,Galactose,ACO1,ACO1,30452,27337
E1,P2,Galactose,ACO1,ACO1,30907,27048
E1,P3,Galactose,ACO1,ACO1,29201,27178
E2,P1,Galactose,ACO1,ACO1,9083,7257
E2,P2,Galactose,ACO1,ACO1,10438,5832
E2,P3,Galactose,ACO1,ACO1,11976,8496
E1,P1,Galactose,ACO1,ADE2,29230,27337
E1,P2,Galactose,ACO1,ADE2,30360,27048
E1,P3,Galactose,ACO1,ADE2,29332,27178
E2,P1,Galactose,ACO1,ADE2,10148,7257
E2,P2,Galactose,ACO1,ADE2,9644,5832
E2,P3,Galactose,ACO1,ADE2,11728,8496
E1,P1,Galactose,ACO1,ICL1,28830,27337
E1,P2,Galactose,ACO1,ICL1,28674,27048
E1,P3,Galactose,ACO1,ICL1,27708,27178
E2,P1,Galactose,ACO1,ICL1,8128,7257
E2,P2,Galactose,ACO1,ICL1,9000,5832
E2,P3,Galactose,ACO1,ICL1,9693,8496
E1,P1,Galactose,ACO1,LEU9,27309,27337
E1,P2,Galactose,ACO1,LEU9,28213,27048
E1,P3,Galactose,ACO1,LEU9,27318,27178
E2,P1,Galactose,ACO1,LEU9,6910,7257
E2,P2,Galactose,ACO1,LEU9,6414,5832
E2,P3,Galactose,ACO1,LEU9,8404,8496
E1,P1,Galactose,ACO1,PDC1,37571,27337
E1,P2,Galactose,ACO1,PDC1,39128,27048
E1,P3,Galactose,ACO1,PDC1,38904,27178
E2,P1,Galactose,ACO1,PDC1,15048,7257
E2,P2,Galactose,ACO1,PDC1,18351,5832
E2,P3,Galactose,ACO1,PDC1,20911,8496
E1,P1,Galactose,ACO1,PGK1,29546,27337
E1,P2,Galactose,ACO1,PGK1,32923,27048
E1,P3,Galactose,ACO1,PGK1,31566,27178
E2,P1,Galactose,ACO1,PGK1,8393,7257
E2,P2,Galactose,ACO1,PGK1,10685,5832
E2,P3,Galactose,ACO1,PGK1,12100,8496
E1,P1,Galactose,ACO1,RPL28,30119,27337
E1,P2,Galactose,ACO1,RPL28,30366,27048
E1,P3,Galactose,ACO1,RPL28,29179,27178
E2,P1,Galactose,ACO1,RPL28,8008,7257
E2,P2,Galactose,ACO1,RPL28,9310,5832
E2,P3,Galactose,ACO1,RPL28,11824,8496
E1,P1,Galactose,ACO1,TDH3,33534,27337
E1,P2,Galactose,ACO1,TDH3,33642,27048
E1,P3,Galactose,ACO1,TDH3,33918,27178
E2,P1,Galactose,ACO1,TDH3,12294,7257
E2,P2,Galactose,ACO1,TDH3,17263,5832
E2,P3,Galactose,ACO1,TDH3,17166,8496
E1,P1,Galactose,ACO1,TPI1,29776,27337
E1,P2,Galactose,ACO1,TPI1,31454,27048
E1,P3,Galactose,ACO1,TPI1,29075,27178
E2,P1,Galactose,ACO1,TPI1,11521,7257
E2,P2,Galactose,ACO1,TPI1,12408,5832
E2,P3,Galactose,ACO1,TPI1,16517,8496
E1,P1,Galactose,ADE2,ACO1,31929,27337
E1,P2,Galactose,ADE2,ACO1,32542,27048
E1,P3,Galactose,ADE2,ACO1,30644,27178
E2,P1,Galactose,ADE2,ACO1,11822,7257
E2,P2,Galactose,ADE2,ACO1,13498,5832
E2,P3,Galactose,ADE2,ACO1,12280,8496
E1,P1,Galactose,ADE2,ADE2,27666,27337
E1,P2,Galactose,ADE2,ADE2,27159,27048
E1,P3,Galactose,ADE2,ADE2,27619,27178
E2,P1,Galactose,ADE2,ADE2,7293,7257
E2,P2,Galactose,ADE2,ADE2,6048,5832
E2,P3,Galactose,ADE2,ADE2,9466,8496
E1,P1,Galactose,ADE2,ICL1,29211,27337
E1,P2,Galactose,ADE2,ICL1,30019,27048
E1,P3,Galactose,ADE2,ICL1,31194,27178
E2,P1,Galactose,ADE2,ICL1,7873,7257
E2,P2,Galactose,ADE2,ICL1,7397,5832
E2,P3,Galactose,ADE2,ICL1,9905,8496
E1,P1,Galactose,ADE2,LEU9,28659,27337
E1,P2,Galactose,ADE2,LEU9,30603,27048
E1,P3,Galactose,ADE2,LEU9,29745,27178
E2,P1,Galactose,ADE2,LEU9,7478,7257
E2,P2,Galactose,ADE2,LEU9,6480,5832
E2,P3,Galactose,ADE2,LEU9,10573,8496
E1,P1,Galactose,ADE2,PDC1,27955,27337
E1,P2,Galactose,ADE2,PDC1,28286,27048
E1,P3,Galactose,ADE2,PDC1,27677,27178
E2,P1,Galactose,ADE2,PDC1,7617,7257
E2,P2,Galactose,ADE2,PDC1,8255,5832
E2,P3,Galactose,ADE2,PDC1,10958,8496
E1,P1,Galactose,ADE2,PGK1,30865,27337
E1,P2,Galactose,ADE2,PGK1,29911,27048
E1,P3,Galactose,ADE2,PGK1,30484,27178
E2,P1,Galactose,ADE2,PGK1,7914,7257
E2,P2,Galactose,ADE2,PGK1,6862,5832
E2,P3,Galactose,ADE2,PGK1,11074,8496
E1,P1,Galactose,ADE2,RPL28,28727,27337
E1,P2,Galactose,ADE2,RPL28,29672,27048
E1,P3,Galactose,ADE2,RPL28,28806,27178
E2,P1,Galactose,ADE2,RPL28,8094,7257
E2,P2,Galactose,ADE2,RPL28,7122,5832
E2,P3,Galactose,ADE2,RPL28,9695,8496
E1,P1,Galactose,ADE2,TDH3,32413,27337
E1,P2,Galactose,ADE2,TDH3,31621,27048
E1,P3,Galactose,ADE2,TDH3,33407,27178
E2,P1,Galactose,ADE2,TDH3,9340,7257
E2,P2,Galactose,ADE2,TDH3,10362,5832
E2,P3,Galactose,ADE2,TDH3,12977,8496
E1,P1,Galactose,ADE2,TPI1,29972,27337
E1,P2,Galactose,ADE2,TPI1,31056,27048
E1,P3,Galactose,ADE2,TPI1,29332,27178
E2,P1,Galactose,ADE2,TPI1,8710,7257
E2,P2,Galactose,ADE2,TPI1,8140,5832
E2,P3,Galactose,ADE2,TPI1,9786,8496
E1,P1,Galactose,ICL1,ACO1,27779,27337
E1,P2,Galactose,ICL1,ACO1,29753,27048
E1,P3,Galactose,ICL1,ACO1,28101,27178
E2,P1,Galactose,ICL1,ACO1,7869,7257
E2,P2,Galactose,ICL1,ACO1,7755,5832
E2,P3,Galactose,ICL1,ACO1,9310,8496
E1,P1,Galactose,ICL1,ADE2,27628,27337
E1,P2,Galactose,ICL1,ADE2,29365,27048
E1,P3,Galactose,ICL1,ADE2,29179,27178
E2,P1,Galactose,ICL1,ADE2,7844,7257
E2,P2,Galactose,ICL1,ADE2,7211,5832
E2,P3,Galactose,ICL1,ADE2,9223,8496
E1,P1,Galactose,ICL1,ICL1,27794,27337
E1,P2,Galactose,ICL1,ICL1,28418,27048
E1,P3,Galactose,ICL1,ICL1,27017,27178
E2,P1,Galactose,ICL1,ICL1,7167,7257
E2,P2,Galactose,ICL1,ICL1,7796,5832
E2,P3,Galactose,ICL1,ICL1,8531,8496
E1,P1,Galactose,ICL1,LEU9,26262,27337
E1,P2,Galactose,ICL1,LEU9,28682,27048
E1,P3,Galactose,ICL1,LEU9,27594,27178
E2,P1,Galactose,ICL1,LEU9,6859,7257
E2,P2,Galactose,ICL1,LEU9,6294,5832
E2,P3,Galactose,ICL1,LEU9,7831,8496
E1,P1,Galactose,ICL1,PDC1,30762,27337
E1,P2,Galactose,ICL1,PDC1,32266,27048
E1,P3,Galactose,ICL1,PDC1,30693,27178
E2,P1,Galactose,ICL1,PDC1,9874,7257
E2,P2,Galactose,ICL1,PDC1,10465,5832
E2,P3,Galactose,ICL1,PDC1,12482,8496
E1,P1,Galactose,ICL1,PGK1,27912,27337
E1,P2,Galactose,ICL1,PGK1,31284,27048
E1,P3,Galactose,ICL1,PGK1,29960,27178
E2,P1,Galactose,ICL1,PGK1,7581,7257
E2,P2,Galactose,ICL1,PGK1,7846,5832
E2,P3,Galactose,ICL1,PGK1,9991,8496
E1,P1,Galactose,ICL1,RPL28,26228,27337
E1,P2,Galactose,ICL1,RPL28,28454,27048
E1,P3,Galactose,ICL1,RPL28,26955,27178
E2,P1,Galactose,ICL1,RPL28,6312,7257
E2,P2,Galactose,ICL1,RPL28,6239,5832
E2,P3,Galactose,ICL1,RPL28,7875,8496
E1,P1,Galactose,ICL1,TDH3,29511,27337
E1,P2,Galactose,ICL1,TDH3,31367,27048
E1,P3,Galactose,ICL1,TDH3,28271,27178
E2,P1,Galactose,ICL1,TDH3,8483,7257
E2,P2,Galactose,ICL1,TDH3,9962,5832
E2,P3,Galactose,ICL1,TDH3,11304,8496
E1,P1,Galactose,ICL1,TPI1,27608,27337
E1,P2,Galactose,ICL1,TPI1,29696,27048
E1,P3,Galactose,ICL1,TPI1,27793,27178
E2,P1,Galactose,ICL1,TPI1,8639,7257
E2,P2,Galactose,ICL1,TPI1,8899,5832
E2,P3,Galactose,ICL1,TPI1,9954,8496
E1,P1,Galactose,LEU9,ACO1,22364,27337
E1,P2,Galactose,LEU9,ACO1,27452,27048
E1,P3,Galactose,LEU9,ACO1,28125,27178
E2,P1,Galactose,LEU9,ACO1,7828,7257
E2,P2,Galactose,LEU9,ACO1,6076,5832
E2,P3,Galactose,LEU9,ACO1,8930,8496
E1,P1,Galactose,LEU9,ADE2,22711,27337
E1,P2,Galactose,LEU9,ADE2,22296,27048
E1,P3,Galactose,LEU9,ADE2,25559,27178
E2,P1,Galactose,LEU9,ADE2,6140,7257
E2,P2,Galactose,LEU9,ADE2,4664,5832
E2,P3,Galactose,LEU9,ADE2,5966,8496
E1,P1,Galactose,LEU9,ICL1,25193,27337
E1,P2,Galactose,LEU9,ICL1,23971,27048
E1,P3,Galactose,LEU9,ICL1,25532,27178
E2,P1,Galactose,LEU9,ICL1,8178,7257
E2,P2,Galactose,LEU9,ICL1,7833,5832
E2,P3,Galactose,LEU9,ICL1,8458,8496
E1,P1,Galactose,LEU9,LEU9,20691,27337
E1,P2,Galactose,LEU9,LEU9,22284,27048
E1,P3,Galactose,LEU9,LEU9,21936,27178
E2,P1,Galactose,LEU9,LEU9,5247,7257
E2,P2,Galactose,LEU9,LEU9,5141,5832
E2,P3,Galactose,LEU9,LEU9,5871,8496
E1,P1,Galactose,LEU9,PDC1,33577,27337
E1,P2,Galactose,LEU9,PDC1,30708,27048
E1,P3,Galactose,LEU9,PDC1,33288,27178
E2,P1,Galactose,LEU9,PDC1,13206,7257
E2,P2,Galactose,LEU9,PDC1,18184,5832
E2,P3,Galactose,LEU9,PDC1,16892,8496
E1,P1,Galactose,LEU9,PGK1,26444,27337
E1,P2,Galactose,LEU9,PGK1,24964,27048
E1,P3,Galactose,LEU9,PGK1,29179,27178
E2,P1,Galactose,LEU9,PGK1,8970,7257
E2,P2,Galactose,LEU9,PGK1,12292,5832
E2,P3,Galactose,LEU9,PGK1,9529,8496
E1,P1,Galactose,LEU9,RPL28,23609,27337
E1,P2,Galactose,LEU9,RPL28,24562,27048
E1,P3,Galactose,LEU9,RPL28,28118,27178
E2,P1,Galactose,LEU9,RPL28,7297,7257
E2,P2,Galactose,LEU9,RPL28,8377,5832
E2,P3,Galactose,LEU9,RPL28,11105,8496
E1,P1,Galactose,LEU9,TDH3,30701,27337
E1,P2,Galactose,LEU9,TDH3,28307,27048
E1,P3,Galactose,LEU9,TDH3,35156,27178
E2,P1,Galactose,LEU9,TDH3,16108,7257
E2,P2,Galactose,LEU9,TDH3,24419,5832
E2,P3,Galactose,LEU9,TDH3,21224,8496
E1,P1,Galactose,LEU9,TPI1,24255,27337
E1,P2,Galactose,LEU9,TPI1,25717,27048
E1,P3,Galactose,LEU9,TPI1,28138,27178
E2,P1,Galactose,LEU9,TPI1,11183,7257
E2,P2,Galactose,LEU9,TPI1,11923,5832
E2,P3,Galactose,LEU9,TPI1,10066,8496
E1,P1,Galactose,PDC1,ACO1,29197,27337
E1,P2,Galactose,PDC1,ACO1,28695,27048
E1,P3,Galactose,PDC1,ACO1,31389,27178
E2,P1,Galactose,PDC1,ACO1,12027,7257
E2,P2,Galactose,PDC1,ACO1,9526,5832
E2,P3,Galactose,PDC1,ACO1,11078,8496
E1,P1,Galactose,PDC1,ADE2,26484,27337
E1,P2,Galactose,PDC1,ADE2,24253,27048
E1,P3,Galactose,PDC1,ADE2,30643,27178
E2,P1,Galactose,PDC1,ADE2,12027,7257
E2,P2,Galactose,PDC1,ADE2,8289,5832
E2,P3,Galactose,PDC1,ADE2,11248,8496
E1,P1,Galactose,PDC1,ICL1,28824,27337
E1,P2,Galactose,PDC1,ICL1,27810,27048
E1,P3,Galactose,PDC1,ICL1,27823,27178
E2,P1,Galactose,PDC1,ICL1,12027,7257
E2,P2,Galactose,PDC1,ICL1,8008,5832
E2,P3,Galactose,PDC1,ICL1,9657,8496
E1,P1,Galactose,PDC1,LEU9,23140,27337
E1,P2,Galactose,PDC1,LEU9,25437,27048
E1,P3,Galactose,PDC1,LEU9,26477,27178
E2,P1,Galactose,PDC1,LEU9,12027,7257
E2,P2,Galactose,PDC1,LEU9,5345,5832
E2,P3,Galactose,PDC1,LEU9,8109,8496
E1,P1,Galactose,PDC1,PDC1,36627,27337
E1,P2,Galactose,PDC1,PDC1,36124,27048
E1,P3,Galactose,PDC1,PDC1,44453,27178
E2,P1,Galactose,PDC1,PDC1,12027,7257
E2,P2,Galactose,PDC1,PDC1,18732,5832
E2,P3,Galactose,PDC1,PDC1,21903,8496
E1,P1,Galactose,PDC1,PGK1,30385,27337
E1,P2,Galactose,PDC1,PGK1,29497,27048
E1,P3,Galactose,PDC1,PGK1,34411,27178
E2,P1,Galactose,PDC1,PGK1,12027,7257
E2,P2,Galactose,PDC1,PGK1,11653,5832
E2,P3,Galactose,PDC1,PGK1,12669,8496
E1,P1,Galactose,PDC1,RPL28,27514,27337
E1,P2,Galactose,PDC1,RPL28,28852,27048
E1,P3,Galactose,PDC1,RPL28,30026,27178
E2,P1,Galactose,PDC1,RPL28,12027,7257
E2,P2,Galactose,PDC1,RPL28,10004,5832
E2,P3,Galactose,PDC1,RPL28,11551,8496
E1,P1,Galactose,PDC1,TDH3,35446,27337
E1,P2,Galactose,PDC1,TDH3,36904,27048
E1,P3,Galactose,PDC1,TDH3,38299,27178
E2,P1,Galactose,PDC1,TDH3,12027,7257
E2,P2,Galactose,PDC1,TDH3,22688,5832
E2,P3,Galactose,PDC1,TDH3,21560,8496
E1,P1,Galactose,PDC1,TPI1,30021,27337
E1,P2,Galactose,PDC1,TPI1,27719,27048
E1,P3,Galactose,PDC1,TPI1,31885,27178
E2,P1,Galactose,PDC1,TPI1,12027,7257
E2,P2,Galactose,PDC1,TPI1,13656,5832
E2,P3,Galactose,PDC1,TPI1,15155,8496
E1,P1,Galactose,PGK1,ACO1,35956,27337
E1,P2,Galactose,PGK1,ACO1,33191,27048
E1,P3,Galactose,PGK1,ACO1,36623,27178
E2,P1,Galactose,PGK1,ACO1,12352,7257
E2,P2,Galactose,PGK1,ACO1,16725,5832
E2,P3,Galactose,PGK1,ACO1,16715,8496
E1,P1,Galactose,PGK1,ADE2,34664,27337
E1,P2,Galactose,PGK1,ADE2,30594,27048
E1,P3,Galactose,PGK1,ADE2,32372,27178
E2,P1,Galactose,PGK1,ADE2,15933,7257
E2,P2,Galactose,PGK1,ADE2,13668,5832
E2,P3,Galactose,PGK1,ADE2,16760,8496
E1,P1,Galactose,PGK1,ICL1,32787,27337
E1,P2,Galactose,PGK1,ICL1,33387,27048
E1,P3,Galactose,PGK1,ICL1,34769,27178
E2,P1,Galactose,PGK1,ICL1,11238,7257
E2,P2,Galactose,PGK1,ICL1,17224,5832
E2,P3,Galactose,PGK1,ICL1,16048,8496
E1,P1,Galactose,PGK1,LEU9,28161,27337
E1,P2,Galactose,PGK1,LEU9,26651,27048
E1,P3,Galactose,PGK1,LEU9,28214,27178
E2,P1,Galactose,PGK1,LEU9,7360,7257
E2,P2,Galactose,PGK1,LEU9,7014,5832
E2,P3,Galactose,PGK1,LEU9,9066,8496
E1,P1,Galactose,PGK1,PDC1,50796,27337
E1,P2,Galactose,PGK1,PDC1,48468,27048
E1,P3,Galactose,PGK1,PDC1,54244,27178
E2,P1,Galactose,PGK1,PDC1,19499,7257
E2,P2,Galactose,PGK1,PDC1,41417,5832
E2,P3,Galactose,PGK1,PDC1,35679,8496
E1,P1,Galactose,PGK1,PGK1,36399,27337
E1,P2,Galactose,PGK1,PGK1,42981,27048
E1,P3,Galactose,PGK1,PGK1,42538,27178
E2,P1,Galactose,PGK1,PGK1,10697,7257
E2,P2,Galactose,PGK1,PGK1,22176,5832
E2,P3,Galactose,PGK1,PGK1,18656,8496
E1,P1,Galactose,PGK1,RPL28,33150,27337
E1,P2,Galactose,PGK1,RPL28,33554,27048
E1,P3,Galactose,PGK1,RPL28,32901,27178
E2,P1,Galactose,PGK1,RPL28,8629,7257
E2,P2,Galactose,PGK1,RPL28,16708,5832
E2,P3,Galactose,PGK1,RPL28,16279,8496
E1,P1,Galactose,PGK1,TDH3,46756,27337
E1,P2,Galactose,PGK1,TDH3,49605,27048
E1,P3,Galactose,PGK1,TDH3,47481,27178
E2,P1,Galactose,PGK1,TDH3,15626,7257
E2,P2,Galactose,PGK1,TDH3,43849,5832
E2,P3,Galactose,PGK1,TDH3,33031,8496
E1,P1,Galactose,PGK1,TPI1,34510,27337
E1,P2,Galactose,PGK1,TPI1,38071,27048
E1,P3,Galactose,PGK1,TPI1,37529,27178
E2,P1,Galactose,PGK1,TPI1,17325,7257
E2,P2,Galactose,PGK1,TPI1,17708,5832
E2,P3,Galactose,PGK1,TPI1,21288,8496
E1,P1,Galactose,RPL28,ACO1,38898,27337
E1,P2,Galactose,RPL28,ACO1,39705,27048
E1,P3,Galactose,RPL28,ACO1,35610,27178
E2,P1,Galactose,RPL28,ACO1,19527,7257
E2,P2,Galactose,RPL28,ACO1,24418,5832
E2,P3,Galactose,RPL28,ACO1,22889,8496
E1,P1,Galactose,RPL28,ADE2,30986,27337
E1,P2,Galactose,RPL28,ADE2,32665,27048
E1,P3,Galactose,RPL28,ADE2,30905,27178
E2,P1,Galactose,RPL28,ADE2,13493,7257
E2,P2,Galactose,RPL28,ADE2,12989,5832
E2,P3,Galactose,RPL28,ADE2,14269,8496
E1,P1,Galactose,RPL28,ICL1,27306,27337
E1,P2,Galactose,RPL28,ICL1,27756,27048
E1,P3,Galactose,RPL28,ICL1,26463,27178
E2,P1,Galactose,RPL28,ICL1,6794,7257
E2,P2,Galactose,RPL28,ICL1,6722,5832
E2,P3,Galactose,RPL28,ICL1,8821,8496
E1,P1,Galactose,RPL28,LEU9,27299,27337
E1,P2,Galactose,RPL28,LEU9,27707,27048
E1,P3,Galactose,RPL28,LEU9,27647,27178
E2,P1,Galactose,RPL28,LEU9,6931,7257
E2,P2,Galactose,RPL28,LEU9,6652,5832
E2,P3,Galactose,RPL28,LEU9,8661,8496
E1,P1,Galactose,RPL28,PDC1,31728,27337
E1,P2,Galactose,RPL28,PDC1,33392,27048
E1,P3,Galactose,RPL28,PDC1,32239,27178
E2,P1,Galactose,RPL28,PDC1,11297,7257
E2,P2,Galactose,RPL28,PDC1,13341,5832
E2,P3,Galactose,RPL28,PDC1,15141,8496
E1,P1,Galactose,RPL28,PGK1,31836,27337
E1,P2,Galactose,RPL28,PGK1,35900,27048
E1,P3,Galactose,RPL28,PGK1,33073,27178
E2,P1,Galactose,RPL28,PGK1,10776,7257
E2,P2,Galactose,RPL28,PGK1,14920,5832
E2,P3,Galactose,RPL28,PGK1,14687,8496
E1,P1,Galactose,RPL28,RPL28,31192,27337
E1,P2,Galactose,RPL28,RPL28,33601,27048
E1,P3,Galactose,RPL28,RPL28,32346,27178
E2,P1,Galactose,RPL28,RPL28,9973,7257
E2,P2,Galactose,RPL28,RPL28,12840,5832
E2,P3,Galactose,RPL28,RPL28,15120,8496
E1,P1,Galactose,RPL28,TDH3,38115,27337
E1,P2,Galactose,RPL28,TDH3,40363,27048
E1,P3,Galactose,RPL28,TDH3,38403,27178
E2,P1,Galactose,RPL28,TDH3,16767,7257
E2,P2,Galactose,RPL28,TDH3,25570,5832
E2,P3,Galactose,RPL28,TDH3,25548,8496
E1,P1,Galactose,RPL28,TPI1,31772,27337
E1,P2,Galactose,RPL28,TPI1,44372,27048
E1,P3,Galactose,RPL28,TPI1,29996,27178
E2,P1,Galactose,RPL28,TPI1,14538,7257
E2,P2,Galactose,RPL28,TPI1,16503,5832
E2,P3,Galactose,RPL28,TPI1,16152,8496
E1,P1,Galactose,TDH3,ACO1,31983,27337
E1,P2,Galactose,TDH3,ACO1,35650,27048
E1,P3,Galactose,TDH3,ACO1,38225,27178
E2,P1,Galactose,TDH3,ACO1,15266,7257
E2,P2,Galactose,TDH3,ACO1,20425,5832
E2,P3,Galactose,TDH3,ACO1,20253,8496
E1,P1,Galactose,TDH3,ADE2,38712,27337
E1,P2,Galactose,TDH3,ADE2,35838,27048
E1,P3,Galactose,TDH3,ADE2,42337,27178
E2,P1,Galactose,TDH3,ADE2,15997,7257
E2,P2,Galactose,TDH3,ADE2,17454,5832
E2,P3,Galactose,TDH3,ADE2,23833,8496
E1,P1,Galactose,TDH3,ICL1,30312,27337
E1,P2,Galactose,TDH3,ICL1,36606,27048
E1,P3,Galactose,TDH3,ICL1,37930,27178
E2,P1,Galactose,TDH3,ICL1,11457,7257
E2,P2,Galactose,TDH3,ICL1,21404,5832
E2,P3,Galactose,TDH3,ICL1,15731,8496
E1,P1,Galactose,TDH3,LEU9,28472,27337
E1,P2,Galactose,TDH3,LEU9,28569,27048
E1,P3,Galactose,TDH3,LEU9,29238,27178
E2,P1,Galactose,TDH3,LEU9,7473,7257
E2,P2,Galactose,TDH3,LEU9,7149,5832
E2,P3,Galactose,TDH3,LEU9,9283,8496
E1,P1,Galactose,TDH3,PDC1,58233,27337
E1,P2,Galactose,TDH3,PDC1,59163,27048
E1,P3,Galactose,TDH3,PDC1,75702,27178
E2,P1,Galactose,TDH3,PDC1,24935,7257
E2,P2,Galactose,TDH3,PDC1,43763,5832
E2,P3,Galactose,TDH3,PDC1,62890,8496
E1,P1,Galactose,TDH3,PGK1,42085,27337
E1,P2,Galactose,TDH3,PGK1,49747,27048
E1,P3,Galactose,TDH3,PGK1,45151,27178
E2,P1,Galactose,TDH3,PGK1,14908,7257
E2,P2,Galactose,TDH3,PGK1,29829,5832
E2,P3,Galactose,TDH3,PGK1,25547,8496
E1,P1,Galactose,TDH3,RPL28,31588,27337
E1,P2,Galactose,TDH3,RPL28,36532,27048
E1,P3,Galactose,TDH3,RPL28,36359,27178
E2,P1,Galactose,TDH3,RPL28,10802,7257
E2,P2,Galactose,TDH3,RPL28,20885,5832
E2,P3,Galactose,TDH3,RPL28,19594,8496
E1,P1,Galactose,TDH3,TDH3,63899,27337
E1,P2,Galactose,TDH3,TDH3,65833,27048
E1,P3,Galactose,TDH3,TDH3,51240,27178
E2,P1,Galactose,TDH3,TDH3,26623,7257
E2,P2,Galactose,TDH3,TDH3,57027,5832
E2,P3,Galactose,TDH3,TDH3,37932,8496
E1,P1,Galactose,TDH3,TPI1,36346,27337
E1,P2,Galactose,TDH3,TPI1,48134,27048
E1,P3,Galactose,TDH3,TPI1,50188,27178
E2,P1,Galactose,TDH3,TPI1,15263,7257
E2,P2,Galactose,TDH3,TPI1,32404,5832
E2,P3,Galactose,TDH3,TPI1,32756,8496
E1,P1,Galactose,TPI1,ACO1,30287,27337
E1,P2,Galactose,TPI1,ACO1,31979,27048
E1,P3,Galactose,TPI1,ACO1,30379,27178
E2,P1,Galactose,TPI1,ACO1,10710,7257
E2,P2,Galactose,TPI1,ACO1,16468,5832
E2,P3,Galactose,TPI1,ACO1,12712,8496
E1,P1,Galactose,TPI1,ADE2,28900,27337
E1,P2,Galactose,TPI1,ADE2,30269,27048
E1,P3,Galactose,TPI1,ADE2,29801,27178
E2,P1,Galactose,TPI1,ADE2,11061,7257
E2,P2,Galactose,TPI1,ADE2,10143,5832
E2,P3,Galactose,TPI1,ADE2,12480,8496
E1,P1,Galactose,TPI1,ICL1,27742,27337
E1,P2,Galactose,TPI1,ICL1,30364,27048
E1,P3,Galactose,TPI1,ICL1,28571,27178
E2,P1,Galactose,TPI1,ICL1,10792,7257
E2,P2,Galactose,TPI1,ICL1,15363,5832
E2,P3,Galactose,TPI1,ICL1,11324,8496
E1,P1,Galactose,TPI1,LEU9,26491,27337
E1,P2,Galactose,TPI1,LEU9,27619,27048
E1,P3,Galactose,TPI1,LEU9,27507,27178
E2,P1,Galactose,TPI1,LEU9,6712,7257
E2,P2,Galactose,TPI1,LEU9,6113,5832
E2,P3,Galactose,TPI1,LEU9,7843,8496
E1,P1,Galactose,TPI1,PDC1,43677,27337
E1,P2,Galactose,TPI1,PDC1,45912,27048
E1,P3,Galactose,TPI1,PDC1,48673,27178
E2,P1,Galactose,TPI1,PDC1,24057,7257
E2,P2,Galactose,TPI1,PDC1,30964,5832
E2,P3,Galactose,TPI1,PDC1,29823,8496
E1,P1,Galactose,TPI1,PGK1,32688,27337
E1,P2,Galactose,TPI1,PGK1,36319,27048
E1,P3,Galactose,TPI1,PGK1,34306,27178
E2,P1,Galactose,TPI1,PGK1,11641,7257
E2,P2,Galactose,TPI1,PGK1,15258,5832
E2,P3,Galactose,TPI1,PGK1,14255,8496
E1,P1,Galactose,TPI1,RPL28,28310,27337
E1,P2,Galactose,TPI1,RPL28,31088,27048
E1,P3,Galactose,TPI1,RPL28,29451,27178
E2,P1,Galactose,TPI1,RPL28,8517,7257
E2,P2,Galactose,TPI1,RPL28,10315,5832
E2,P3,Galactose,TPI1,RPL28,11848,8496
E1,P1,Galactose,TPI1,TDH3,41002,27337
E1,P2,Galactose,TPI1,TDH3,43167,27048
E1,P3,Galactose,TPI1,TDH3,36845,27178
E2,P1,Galactose,TPI1,TDH3,19976,7257
E2,P2,Galactose,TPI1,TDH3,32190,5832
E2,P3,Galactose,TPI1,TDH3,25765,8496
E1,P1,Galactose,TPI1,TPI1,31700,27337
E1,P2,Galactose,TPI1,TPI1,33696,27048
E1,P3,Galactose,TPI1,TPI1,32045,27178
E2,P1,Galactose,TPI1,TPI1,17615,7257
E2,P2,Galactose,TPI1,TPI1,18955,5832
E2,P3,Galactose,TPI1,TPI1,19883,8496
E2,P1,Glucose,ACO1,ACO1,269323,233782
E2,P2,Glucose,ACO1,ACO1,341370,230227
E2,P3,Glucose,ACO1,ACO1,293589,186940
E3,P1,Glucose,ACO1,ACO1,36539,29648
E3,P2,Glucose,ACO1,ACO1,33765,26448
E3,P3,Glucose,ACO1,ACO1,36802,29235
E3,P4,Glucose,ACO1,ACO1,34659,29696
E2,P1,Glucose,ACO1,ADE2,770536,233782
E2,P2,Glucose,ACO1,ADE2,1365434,230227
E2,P3,Glucose,ACO1,ADE2,707053,186940
E3,P1,Glucose,ACO1,ADE2,35065,29648
E3,P2,Glucose,ACO1,ADE2,33590,26448
E3,P3,Glucose,ACO1,ADE2,36856,29235
E3,P4,Glucose,ACO1,ADE2,33635,29696
E2,P1,Glucose,ACO1,ICL1,944960,233782
E2,P2,Glucose,ACO1,ICL1,843875,230227
E2,P3,Glucose,ACO1,ICL1,896644,186940
E3,P1,Glucose,ACO1,ICL1,35335,29648
E3,P2,Glucose,ACO1,ICL1,31425,26448
E3,P3,Glucose,ACO1,ICL1,34768,29235
E3,P4,Glucose,ACO1,ICL1,31036,29696
E2,P1,Glucose,ACO1,LEU9,216867,233782
E2,P2,Glucose,ACO1,LEU9,235283,230227
E2,P3,Glucose,ACO1,LEU9,202204,186940
E3,P1,Glucose,ACO1,LEU9,30517,29648
E3,P2,Glucose,ACO1,LEU9,26596,26448
E3,P3,Glucose,ACO1,LEU9,28370,29235
E3,P4,Glucose,ACO1,LEU9,24555,29696
E2,P1,Glucose,ACO1,PDC1,6463943,233782
E2,P2,Glucose,ACO1,PDC1,7384167,230227
E2,P3,Glucose,ACO1,PDC1,6352213,186940
E3,P1,Glucose,ACO1,PDC1,52992,29648
E3,P2,Glucose,ACO1,PDC1,54377,26448
E3,P3,Glucose,ACO1,PDC1,56685,29235
E3,P4,Glucose,ACO1,PDC1,59062,29696
E2,P1,Glucose,ACO1,PGK1,1133872,233782
E2,P2,Glucose,ACO1,PGK1,1657271,230227
E2,P3,Glucose,ACO1,PGK1,1932072,186940
E3,P1,Glucose,ACO1,PGK1,38287,29648
E3,P2,Glucose,ACO1,PGK1,36525,26448
E3,P3,Glucose,ACO1,PGK1,37923,29235
E3,P4,Glucose,ACO1,PGK1,33754,29696
E2,P1,Glucose,ACO1,RPL28,1048476,233782
E2,P2,Glucose,ACO1,RPL28,1342195,230227
E2,P3,Glucose,ACO1,RPL28,834427,186940
E3,P1,Glucose,ACO1,RPL28,35286,29648
E3,P2,Glucose,ACO1,RPL28,32881,26448
E3,P3,Glucose,ACO1,RPL28,36084,29235
E3,P4,Glucose,ACO1,RPL28,32676,29696
E2,P1,Glucose,ACO1,TDH3,2341614,233782
E2,P2,Glucose,ACO1,TDH3,5923274,230227
E2,P3,Glucose,ACO1,TDH3,5276494,186940
E3,P1,Glucose,ACO1,TDH3,47306,29648
E3,P2,Glucose,ACO1,TDH3,47786,26448
E3,P3,Glucose,ACO1,TDH3,51197,29235
E3,P4,Glucose,ACO1,TDH3,43113,29696
E2,P1,Glucose,ACO1,TPI1,1877932,233782
E2,P2,Glucose,ACO1,TPI1,5397401,230227
E2,P3,Glucose,ACO1,TPI1,2891078,186940
E3,P1,Glucose,ACO1,TPI1,42431,29648
E3,P2,Glucose,ACO1,TPI1,40719,26448
E3,P3,Glucose,ACO1,TPI1,43268,29235
E3,P4,Glucose,ACO1,TPI1,40463,29696
E2,P1,Glucose,ADE2,ACO1,1110065,184437
E2,P2,Glucose,ADE2,ACO1,1225613,263629
E2,P3,Glucose,ADE2,ACO1,1692914,311013
E3,P1,Glucose,ADE2,ACO1,39247,29648
E3,P2,Glucose,ADE2,ACO1,35177,26448
E3,P3,Glucose,ADE2,ACO1,37826,29235
E3,P4,Glucose,ADE2,ACO1,36996,29696
E2,P1,Glucose,ADE2,ADE2,538358,184437
E2,P2,Glucose,ADE2,ADE2,697244,263629
E2,P3,Glucose,ADE2,ADE2,781012,311013
E3,P1,Glucose,ADE2,ADE2,30908,29648
E3,P2,Glucose,ADE2,ADE2,28037,26448
E3,P3,Glucose,ADE2,ADE2,31951,29235
E3,P4,Glucose,ADE2,ADE2,30027,29696
E2,P1,Glucose,ADE2,ICL1,277465,184437
E2,P2,Glucose,ADE2,ICL1,365760,263629
E2,P3,Glucose,ADE2,ICL1,281133,311013
E3,P1,Glucose,ADE2,ICL1,30355,29648
E3,P2,Glucose,ADE2,ICL1,27387,26448
E3,P3,Glucose,ADE2,ICL1,30282,29235
E3,P4,Glucose,ADE2,ICL1,28388,29696
E2,P1,Glucose,ADE2,LEU9,273167,184437
E2,P2,Glucose,ADE2,LEU9,256308,263629
E2,P3,Glucose,ADE2,LEU9,231174,311013
E3,P1,Glucose,ADE2,LEU9,30772,29648
E3,P2,Glucose,ADE2,LEU9,26796,26448
E3,P3,Glucose,ADE2,LEU9,30380,29235
E3,P4,Glucose,ADE2,LEU9,29158,29696
E2,P1,Glucose,ADE2,PDC1,533278,184437
E2,P2,Glucose,ADE2,PDC1,347005,263629
E2,P3,Glucose,ADE2,PDC1,470608,311013
E3,P1,Glucose,ADE2,PDC1,35345,29648
E3,P2,Glucose,ADE2,PDC1,34375,26448
E3,P3,Glucose,ADE2,PDC1,40503,29235
E3,P4,Glucose,ADE2,PDC1,37340,29696
E2,P1,Glucose,ADE2,PGK1,458276,184437
E2,P2,Glucose,ADE2,PGK1,481248,263629
E2,P3,Glucose,ADE2,PGK1,899953,311013
E3,P1,Glucose,ADE2,PGK1,32528,29648
E3,P2,Glucose,ADE2,PGK1,29489,26448
E3,P3,Glucose,ADE2,PGK1,32716,29235
E3,P4,Glucose,ADE2,PGK1,31443,29696
E2,P1,Glucose,ADE2,RPL28,519320,184437
E2,P2,Glucose,ADE2,RPL28,675108,263629
E2,P3,Glucose,ADE2,RPL28,849452,311013
E3,P1,Glucose,ADE2,RPL28,32138,29648
E3,P2,Glucose,ADE2,RPL28,29043,26448
E3,P3,Glucose,ADE2,RPL28,32934,29235
E3,P4,Glucose,ADE2,RPL28,33098,29696
E2,P1,Glucose,ADE2,TDH3,3648813,184437
E2,P2,Glucose,ADE2,TDH3,4087917,263629
E2,P3,Glucose,ADE2,TDH3,5536245,311013
E3,P1,Glucose,ADE2,TDH3,38343,29648
E3,P2,Glucose,ADE2,TDH3,37228,26448
E3,P3,Glucose,ADE2,TDH3,43081,29235
E3,P4,Glucose,ADE2,TDH3,41431,29696
E2,P1,Glucose,ADE2,TPI1,654132,184437
E2,P2,Glucose,ADE2,TPI1,1402029,263629
E2,P3,Glucose,ADE2,TPI1,1117768,311013
E3,P1,Glucose,ADE2,TPI1,42197,29648
E3,P2,Glucose,ADE2,TPI1,39484,26448
E3,P3,Glucose,ADE2,TPI1,38861,29235
E3,P4,Glucose,ADE2,TPI1,38431,29696
E2,P1,Glucose,ICL1,ACO1,573814,233782
E2,P2,Glucose,ICL1,ACO1,307508,230227
E2,P3,Glucose,ICL1,ACO1,367032,186940
E3,P1,Glucose,ICL1,ACO1,30440,29648
E3,P2,Glucose,ICL1,ACO1,26451,26448
E3,P3,Glucose,ICL1,ACO1,29517,29235
E3,P4,Glucose,ICL1,ACO1,26933,29696
E2,P1,Glucose,ICL1,ADE2,846431,233782
E2,P2,Glucose,ICL1,ADE2,387897,230227
E2,P3,Glucose,ICL1,ADE2,263609,186940
E3,P1,Glucose,ICL1,ADE2,30882,29648
E3,P2,Glucose,ICL1,ADE2,28890,26448
E3,P3,Glucose,ICL1,ADE2,30431,29235
E3,P4,Glucose,ICL1,ADE2,27097,29696
E2,P1,Glucose,ICL1,ICL1,277228,233782
E2,P2,Glucose,ICL1,ICL1,226433,230227
E2,P3,Glucose,ICL1,ICL1,176839,186940
E3,P1,Glucose,ICL1,ICL1,29572,29648
E3,P2,Glucose,ICL1,ICL1,26726,26448
E3,P3,Glucose,ICL1,ICL1,26981,29235
E3,P4,Glucose,ICL1,ICL1,24899,29696
E2,P1,Glucose,ICL1,LEU9,212118,233782
E2,P2,Glucose,ICL1,LEU9,195765,230227
E2,P3,Glucose,ICL1,LEU9,197238,186940
E3,P1,Glucose,ICL1,LEU9,29957,29648
E3,P2,Glucose,ICL1,LEU9,26028,26448
E3,P3,Glucose,ICL1,LEU9,26890,29235
E3,P4,Glucose,ICL1,LEU9,24124,29696
E2,P1,Glucose,ICL1,PDC1,464903,233782
E2,P2,Glucose,ICL1,PDC1,256169,230227
E2,P3,Glucose,ICL1,PDC1,299874,186940
E3,P1,Glucose,ICL1,PDC1,31966,29648
E3,P2,Glucose,ICL1,PDC1,32081,26448
E3,P3,Glucose,ICL1,PDC1,32628,29235
E3,P4,Glucose,ICL1,PDC1,31269,29696
E2,P1,Glucose,ICL1,PGK1,520059,233782
E2,P2,Glucose,ICL1,PGK1,247737,230227
E2,P3,Glucose,ICL1,PGK1,781642,186940
E3,P1,Glucose,ICL1,PGK1,33072,29648
E3,P2,Glucose,ICL1,PGK1,31248,26448
E3,P3,Glucose,ICL1,PGK1,30179,29235
E3,P4,Glucose,ICL1,PGK1,27496,29696
E2,P1,Glucose,ICL1,RPL28,215606,233782
E2,P2,Glucose,ICL1,RPL28,251177,230227
E2,P3,Glucose,ICL1,RPL28,230160,186940
E3,P1,Glucose,ICL1,RPL28,31002,29648
E3,P2,Glucose,ICL1,RPL28,26801,26448
E3,P3,Glucose,ICL1,RPL28,28278,29235
E3,P4,Glucose,ICL1,RPL28,25687,29696
E2,P1,Glucose,ICL1,TDH3,808625,233782
E2,P2,Glucose,ICL1,TDH3,803094,230227
E2,P3,Glucose,ICL1,TDH3,1026442,186940
E3,P1,Glucose,ICL1,TDH3,32552,29648
E3,P2,Glucose,ICL1,TDH3,31384,26448
E3,P3,Glucose,ICL1,TDH3,31348,29235
E3,P4,Glucose,ICL1,TDH3,27706,29696
E2,P1,Glucose,ICL1,TPI1,752996,233782
E2,P2,Glucose,ICL1,TPI1,477865,230227
E2,P3,Glucose,ICL1,TPI1,564331,186940
E3,P1,Glucose,ICL1,TPI1,31788,29648
E3,P2,Glucose,ICL1,TPI1,28653,26448
E3,P3,Glucose,ICL1,TPI1,29821,29235
E3,P4,Glucose,ICL1,TPI1,27863,29696
E2,P1,Glucose,LEU9,ACO1,2139387,184437
E2,P2,Glucose,LEU9,ACO1,1751924,263629
E2,P3,Glucose,LEU9,ACO1,2590271,311013
E3,P1,Glucose,LEU9,ACO1,32323,29648
E3,P2,Glucose,LEU9,ACO1,31617,26448
E3,P3,Glucose,LEU9,ACO1,36658,29235
E3,P4,Glucose,LEU9,ACO1,33372,29696
E2,P1,Glucose,LEU9,ADE2,223666,184437
E2,P2,Glucose,LEU9,ADE2,218014,263629
E2,P3,Glucose,LEU9,ADE2,246210,311013
E3,P1,Glucose,LEU9,ADE2,24994,29648
E3,P2,Glucose,LEU9,ADE2,25523,26448
E3,P3,Glucose,LEU9,ADE2,27809,29235
E3,P4,Glucose,LEU9,ADE2,25693,29696
E2,P1,Glucose,LEU9,ICL1,860638,184437
E2,P2,Glucose,LEU9,ICL1,1034017,263629
E2,P3,Glucose,LEU9,ICL1,1785666,311013
E3,P1,Glucose,LEU9,ICL1,39003,29648
E3,P2,Glucose,LEU9,ICL1,40997,26448
E3,P3,Glucose,LEU9,ICL1,49233,29235
E3,P4,Glucose,LEU9,ICL1,42622,29696
E2,P1,Glucose,LEU9,LEU9,278937,184437
E2,P2,Glucose,LEU9,LEU9,238248,263629
E2,P3,Glucose,LEU9,LEU9,308495,311013
E3,P1,Glucose,LEU9,LEU9,23953,29648
E3,P2,Glucose,LEU9,LEU9,21860,26448
E3,P3,Glucose,LEU9,LEU9,23400,29235
E3,P4,Glucose,LEU9,LEU9,21925,29696
E2,P1,Glucose,LEU9,PDC1,7941592,184437
E2,P2,Glucose,LEU9,PDC1,3771566,263629
E2,P3,Glucose,LEU9,PDC1,4008797,311013
E3,P1,Glucose,LEU9,PDC1,55916,29648
E3,P2,Glucose,LEU9,PDC1,63805,26448
E3,P3,Glucose,LEU9,PDC1,76293,29235
E3,P4,Glucose,LEU9,PDC1,74324,29696
E2,P1,Glucose,LEU9,PGK1,2938353,184437
E2,P2,Glucose,LEU9,PGK1,3256490,263629
E2,P3,Glucose,LEU9,PGK1,2624311,311013
E3,P1,Glucose,LEU9,PGK1,40245,29648
E3,P2,Glucose,LEU9,PGK1,44215,26448
E3,P3,Glucose,LEU9,PGK1,43628,29235
E3,P4,Glucose,LEU9,PGK1,44280,29696
E2,P1,Glucose,LEU9,RPL28,287542,184437
E2,P2,Glucose,LEU9,RPL28,373171,263629
E2,P3,Glucose,LEU9,RPL28,757390,311013
E3,P1,Glucose,LEU9,RPL28,33542,29648
E3,P2,Glucose,LEU9,RPL28,32882,26448
E3,P3,Glucose,LEU9,RPL28,34985,29235
E3,P4,Glucose,LEU9,RPL28,32844,29696
E2,P1,Glucose,LEU9,TDH3,9396085,184437
E2,P2,Glucose,LEU9,TDH3,12212687,263629
E2,P3,Glucose,LEU9,TDH3,14601564,311013
E3,P1,Glucose,LEU9,TDH3,78841,29648
E3,P2,Glucose,LEU9,TDH3,86831,26448
E3,P3,Glucose,LEU9,TDH3,105608,29235
E3,P4,Glucose,LEU9,TDH3,91893,29696
E2,P1,Glucose,LEU9,TPI1,3429538,184437
E2,P2,Glucose,LEU9,TPI1,2602065,263629
E2,P3,Glucose,LEU9,TPI1,3697465,311013
E3,P1,Glucose,LEU9,TPI1,39698,29648
E3,P2,Glucose,LEU9,TPI1,38019,26448
E3,P3,Glucose,LEU9,TPI1,49179,29235
E3,P4,Glucose,LEU9,TPI1,45513,29696
E2,P1,Glucose,PDC1,ACO1,4922785,233782
E2,P2,Glucose,PDC1,ACO1,5735288,230227
E2,P3,Glucose,PDC1,ACO1,5043593,186940
E3,P1,Glucose,PDC1,ACO1,41593,29648
E3,P2,Glucose,PDC1,ACO1,39418,26448
E3,P3,Glucose,PDC1,ACO1,44342,29235
E3,P4,Glucose,PDC1,ACO1,42745,29696
E2,P1,Glucose,PDC1,ADE2,2152224,233782
E2,P2,Glucose,PDC1,ADE2,3876820,230227
E2,P3,Glucose,PDC1,ADE2,3645071,186940
E3,P1,Glucose,PDC1,ADE2,38099,29648
E3,P2,Glucose,PDC1,ADE2,41341,26448
E3,P3,Glucose,PDC1,ADE2,43941,29235
E3,P4,Glucose,PDC1,ADE2,38637,29696
E2,P1,Glucose,PDC1,ICL1,2014036,233782
E2,P2,Glucose,PDC1,ICL1,3004550,230227
E2,P3,Glucose,PDC1,ICL1,2744790,186940
E3,P1,Glucose,PDC1,ICL1,35967,29648
E3,P2,Glucose,PDC1,ICL1,35381,26448
E3,P3,Glucose,PDC1,ICL1,37665,29235
E3,P4,Glucose,PDC1,ICL1,37645,29696
E2,P1,Glucose,PDC1,LEU9,250976,233782
E2,P2,Glucose,PDC1,LEU9,290769,230227
E2,P3,Glucose,PDC1,LEU9,238106,186940
E3,P1,Glucose,PDC1,LEU9,28825,29648
E3,P2,Glucose,PDC1,LEU9,24876,26448
E3,P3,Glucose,PDC1,LEU9,26659,29235
E3,P4,Glucose,PDC1,LEU9,24451,29696
E2,P1,Glucose,PDC1,PDC1,20652658,233782
E2,P2,Glucose,PDC1,PDC1,23223988,230227
E2,P3,Glucose,PDC1,PDC1,9666361,186940
E3,P1,Glucose,PDC1,PDC1,74844,29648
E3,P2,Glucose,PDC1,PDC1,84301,26448
E3,P3,Glucose,PDC1,PDC1,87160,29235
E3,P4,Glucose,PDC1,PDC1,90361,29696
E2,P1,Glucose,PDC1,PGK1,4283750,233782
E2,P2,Glucose,PDC1,PGK1,7180727,230227
E2,P3,Glucose,PDC1,PGK1,5736225,186940
E3,P1,Glucose,PDC1,PGK1,46405,29648
E3,P2,Glucose,PDC1,PGK1,49819,26448
E3,P3,Glucose,PDC1,PGK1,51931,29235
E3,P4,Glucose,PDC1,PGK1,51824,29696
E2,P1,Glucose,PDC1,RPL28,3132090,233782
E2,P2,Glucose,PDC1,RPL28,5554430,230227
E2,P3,Glucose,PDC1,RPL28,3831937,186940
E3,P1,Glucose,PDC1,RPL28,42633,29648
E3,P2,Glucose,PDC1,RPL28,40140,26448
E3,P3,Glucose,PDC1,RPL28,43376,29235
E3,P4,Glucose,PDC1,RPL28,42657,29696
E2,P1,Glucose,PDC1,TDH3,16749262,233782
E2,P2,Glucose,PDC1,TDH3,18801050,230227
E2,P3,Glucose,PDC1,TDH3,10771286,186940
E3,P1,Glucose,PDC1,TDH3,72672,29648
E3,P2,Glucose,PDC1,TDH3,74626,26448
E3,P3,Glucose,PDC1,TDH3,83393,29235
E3,P4,Glucose,PDC1,TDH3,76097,29696
E2,P1,Glucose,PDC1,TPI1,6131354,233782
E2,P2,Glucose,PDC1,TPI1,7265498,230227
E2,P3,Glucose,PDC1,TPI1,6078944,186940
E3,P1,Glucose,PDC1,TPI1,51574,29648
E3,P2,Glucose,PDC1,TPI1,58115,26448
E3,P3,Glucose,PDC1,TPI1,59278,29235
E3,P4,Glucose,PDC1,TPI1,61951,29696
E2,P1,Glucose,PGK1,ACO1,3267824,233782
E2,P2,Glucose,PGK1,ACO1,10339702,230227
E2,P3,Glucose,PGK1,ACO1,3729303,186940
E3,P1,Glucose,PGK1,ACO1,52056,29648
E3,P2,Glucose,PGK1,ACO1,51804,26448
E3,P3,Glucose,PGK1,ACO1,58272,29235
E3,P4,Glucose,PGK1,ACO1,54299,29696
E2,P1,Glucose,PGK1,ADE2,3510364,233782
E2,P2,Glucose,PGK1,ADE2,5528742,230227
E2,P3,Glucose,PGK1,ADE2,2412239,186940
E3,P1,Glucose,PGK1,ADE2,49416,29648
E3,P2,Glucose,PGK1,ADE2,51034,26448
E3,P3,Glucose,PGK1,ADE2,58571,29235
E3,P4,Glucose,PGK1,ADE2,51998,29696
E2,P1,Glucose,PGK1,ICL1,5915226,233782
E2,P2,Glucose,PGK1,ICL1,6046652,230227
E2,P3,Glucose,PGK1,ICL1,5006757,186940
E3,P1,Glucose,PGK1,ICL1,60137,29648
E3,P2,Glucose,PGK1,ICL1,61663,26448
E3,P3,Glucose,PGK1,ICL1,67709,29235
E3,P4,Glucose,PGK1,ICL1,65448,29696
E2,P1,Glucose,PGK1,LEU9,290934,233782
E2,P2,Glucose,PGK1,LEU9,320940,230227
E2,P3,Glucose,PGK1,LEU9,285737,186940
E3,P1,Glucose,PGK1,LEU9,29565,29648
E3,P2,Glucose,PGK1,LEU9,26468,26448
E3,P3,Glucose,PGK1,LEU9,31468,29235
E3,P4,Glucose,PGK1,LEU9,26111,29696
E2,P1,Glucose,PGK1,PDC1,21446986,233782
E2,P2,Glucose,PGK1,PDC1,19926436,230227
E2,P3,Glucose,PGK1,PDC1,20534600,186940
E3,P1,Glucose,PGK1,PDC1,96612,29648
E3,P2,Glucose,PGK1,PDC1,105739,26448
E3,P3,Glucose,PGK1,PDC1,115886,29235
E3,P4,Glucose,PGK1,PDC1,109780,29696
E2,P1,Glucose,PGK1,PGK1,5721962,233782
E2,P2,Glucose,PGK1,PGK1,10968058,230227
E2,P3,Glucose,PGK1,PGK1,13126564,186940
E3,P1,Glucose,PGK1,PGK1,61675,29648
E3,P2,Glucose,PGK1,PGK1,62786,26448
E3,P3,Glucose,PGK1,PGK1,61740,29235
E3,P4,Glucose,PGK1,PGK1,58909,29696
E2,P1,Glucose,PGK1,RPL28,3236968,233782
E2,P2,Glucose,PGK1,RPL28,5427224,230227
E2,P3,Glucose,PGK1,RPL28,3115058,186940
E3,P1,Glucose,PGK1,RPL28,48627,29648
E3,P2,Glucose,PGK1,RPL28,47620,26448
E3,P3,Glucose,PGK1,RPL28,54796,29235
E3,P4,Glucose,PGK1,RPL28,58021,29696
E2,P1,Glucose,PGK1,TDH3,19159630,233782
E2,P2,Glucose,PGK1,TDH3,30550540,230227
E2,P3,Glucose,PGK1,TDH3,15303450,186940
E3,P1,Glucose,PGK1,TDH3,91040,29648
E3,P2,Glucose,PGK1,TDH3,102833,26448
E3,P3,Glucose,PGK1,TDH3,108809,29235
E3,P4,Glucose,PGK1,TDH3,104965,29696
E2,P1,Glucose,PGK1,TPI1,7275210,233782
E2,P2,Glucose,PGK1,TPI1,12945397,230227
E2,P3,Glucose,PGK1,TPI1,6179375,186940
E3,P1,Glucose,PGK1,TPI1,69274,29648
E3,P2,Glucose,PGK1,TPI1,72460,26448
E3,P3,Glucose,PGK1,TPI1,85705,29235
E3,P4,Glucose,PGK1,TPI1,73331,29696
E2,P1,Glucose,RPL28,ACO1,3857265,233782
E2,P2,Glucose,RPL28,ACO1,9101742,230227
E2,P3,Glucose,RPL28,ACO1,6728450,186940
E3,P1,Glucose,RPL28,ACO1,57369,29648
E3,P2,Glucose,RPL28,ACO1,56622,26448
E3,P3,Glucose,RPL28,ACO1,58182,29235
E3,P4,Glucose,RPL28,ACO1,62309,29696
E2,P1,Glucose,RPL28,ADE2,2220614,233782
E2,P2,Glucose,RPL28,ADE2,3804604,230227
E2,P3,Glucose,RPL28,ADE2,3505277,186940
E3,P1,Glucose,RPL28,ADE2,39880,29648
E3,P2,Glucose,RPL28,ADE2,39212,26448
E3,P3,Glucose,RPL28,ADE2,40829,29235
E3,P4,Glucose,RPL28,ADE2,39738,29696
E2,P1,Glucose,RPL28,ICL1,240039,233782
E2,P2,Glucose,RPL28,ICL1,244837,230227
E2,P3,Glucose,RPL28,ICL1,257714,186940
E3,P1,Glucose,RPL28,ICL1,30195,29648
E3,P2,Glucose,RPL28,ICL1,26122,26448
E3,P3,Glucose,RPL28,ICL1,29597,29235
E3,P4,Glucose,RPL28,ICL1,25333,29696
E2,P1,Glucose,RPL28,LEU9,441570,233782
E2,P2,Glucose,RPL28,LEU9,512340,230227
E2,P3,Glucose,RPL28,LEU9,380247,186940
E3,P1,Glucose,RPL28,LEU9,30724,29648
E3,P2,Glucose,RPL28,LEU9,27669,26448
E3,P3,Glucose,RPL28,LEU9,29222,29235
E3,P4,Glucose,RPL28,LEU9,26043,29696
E2,P1,Glucose,RPL28,PDC1,3211939,233782
E2,P2,Glucose,RPL28,PDC1,3592884,230227
E2,P3,Glucose,RPL28,PDC1,3257447,186940
E3,P1,Glucose,RPL28,PDC1,42693,29648
E3,P2,Glucose,RPL28,PDC1,42734,26448
E3,P3,Glucose,RPL28,PDC1,41842,29235
E3,P4,Glucose,RPL28,PDC1,41917,29696
E2,P1,Glucose,RPL28,PGK1,3773133,233782
E2,P2,Glucose,RPL28,PGK1,2561822,230227
E2,P3,Glucose,RPL28,PGK1,3044146,186940
E3,P1,Glucose,RPL28,PGK1,43250,29648
E3,P2,Glucose,RPL28,PGK1,41821,26448
E3,P3,Glucose,RPL28,PGK1,46807,29235
E3,P4,Glucose,RPL28,PGK1,42154,29696
E2,P1,Glucose,RPL28,RPL28,2389196,233782
E2,P2,Glucose,RPL28,RPL28,4457737,230227
E2,P3,Glucose,RPL28,RPL28,2983132,186940
E3,P1,Glucose,RPL28,RPL28,43011,29648
E3,P2,Glucose,RPL28,RPL28,39658,26448
E3,P3,Glucose,RPL28,RPL28,41161,29235
E3,P4,Glucose,RPL28,RPL28,41972,29696
E2,P1,Glucose,RPL28,TDH3,9192098,233782
E2,P2,Glucose,RPL28,TDH3,7739528,230227
E2,P3,Glucose,RPL28,TDH3,7537685,186940
E3,P1,Glucose,RPL28,TDH3,56536,29648
E3,P2,Glucose,RPL28,TDH3,57101,26448
E3,P3,Glucose,RPL28,TDH3,69694,29235
E3,P4,Glucose,RPL28,TDH3,59329,29696
E2,P1,Glucose,RPL28,TPI1,3407261,233782
E2,P2,Glucose,RPL28,TPI1,7548836,230227
E2,P3,Glucose,RPL28,TPI1,3859598,186940
E3,P1,Glucose,RPL28,TPI1,47087,29648
E3,P2,Glucose,RPL28,TPI1,47634,26448
E3,P3,Glucose,RPL28,TPI1,50223,29235
E3,P4,Glucose,RPL28,TPI1,48146,29696
E2,P1,Glucose,TDH3,ACO1,7855688,233782
E2,P2,Glucose,TDH3,ACO1,9888429,230227
E2,P3,Glucose,TDH3,ACO1,9411875,186940
E3,P1,Glucose,TDH3,ACO1,61125,29648
E3,P2,Glucose,TDH3,ACO1,60619,26448
E3,P3,Glucose,TDH3,ACO1,64752,29235
E3,P4,Glucose,TDH3,ACO1,58497,29696
E2,P1,Glucose,TDH3,ADE2,9527146,233782
E2,P2,Glucose,TDH3,ADE2,9045735,230227
E2,P3,Glucose,TDH3,ADE2,8802883,186940
E3,P1,Glucose,TDH3,ADE2,60596,29648
E3,P2,Glucose,TDH3,ADE2,66032,26448
E3,P3,Glucose,TDH3,ADE2,68509,29235
E3,P4,Glucose,TDH3,ADE2,72899,29696
E2,P1,Glucose,TDH3,ICL1,10023753,233782
E2,P2,Glucose,TDH3,ICL1,9297290,230227
E2,P3,Glucose,TDH3,ICL1,7976760,186940
E3,P1,Glucose,TDH3,ICL1,64571,29648
E3,P2,Glucose,TDH3,ICL1,77405,26448
E3,P3,Glucose,TDH3,ICL1,82834,29235
E3,P4,Glucose,TDH3,ICL1,76466,29696
E2,P1,Glucose,TDH3,LEU9,310985,233782
E2,P2,Glucose,TDH3,LEU9,262683,230227
E2,P3,Glucose,TDH3,LEU9,258234,186940
E3,P1,Glucose,TDH3,LEU9,29718,29648
E3,P2,Glucose,TDH3,LEU9,26438,26448
E3,P3,Glucose,TDH3,LEU9,29724,29235
E3,P4,Glucose,TDH3,LEU9,24587,29696
E2,P1,Glucose,TDH3,PDC1,22025190,233782
E2,P2,Glucose,TDH3,PDC1,30839684,230227
E2,P3,Glucose,TDH3,PDC1,30052898,186940
E3,P1,Glucose,TDH3,PDC1,140746,29648
E3,P2,Glucose,TDH3,PDC1,178564,26448
E3,P3,Glucose,TDH3,PDC1,176223,29235
E3,P4,Glucose,TDH3,PDC1,172182,29696
E2,P1,Glucose,TDH3,PGK1,10380411,233782
E2,P2,Glucose,TDH3,PGK1,13869715,230227
E2,P3,Glucose,TDH3,PGK1,15118910,186940
E3,P1,Glucose,TDH3,PGK1,75088,29648
E3,P2,Glucose,TDH3,PGK1,80526,26448
E3,P3,Glucose,TDH3,PGK1,81403,29235
E3,P4,Glucose,TDH3,PGK1,81094,29696
E2,P1,Glucose,TDH3,RPL28,2725546,233782
E2,P2,Glucose,TDH3,RPL28,10464415,230227
E2,P3,Glucose,TDH3,RPL28,2068876,186940
E3,P1,Glucose,TDH3,RPL28,53347,29648
E3,P2,Glucose,TDH3,RPL28,55125,26448
E3,P3,Glucose,TDH3,RPL28,63776,29235
E3,P4,Glucose,TDH3,RPL28,58663,29696
E2,P1,Glucose,TDH3,TDH3,22275768,233782
E2,P2,Glucose,TDH3,TDH3,12853548,230227
E2,P3,Glucose,TDH3,TDH3,25268808,186940
E3,P1,Glucose,TDH3,TDH3,125481,29648
E3,P2,Glucose,TDH3,TDH3,138288,26448
E3,P3,Glucose,TDH3,TDH3,131424,29235
E3,P4,Glucose,TDH3,TDH3,140573,29696
E2,P1,Glucose,TDH3,TPI1,15460317,233782
E2,P2,Glucose,TDH3,TPI1,20843414,230227
E2,P3,Glucose,TDH3,TPI1,16672193,186940
E3,P1,Glucose,TDH3,TPI1,79148,29648
E3,P2,Glucose,TDH3,TPI1,85750,26448
E3,P3,Glucose,TDH3,TPI1,90310,29235
E3,P4,Glucose,TDH3,TPI1,90285,29696
E2,P1,Glucose,TPI1,ACO1,2204603,233782
E2,P2,Glucose,TPI1,ACO1,1914433,230227
E2,P3,Glucose,TPI1,ACO1,2739866,186940
E3,P1,Glucose,TPI1,ACO1,47226,29648
E3,P2,Glucose,TPI1,ACO1,43242,26448
E3,P3,Glucose,TPI1,ACO1,44844,29235
E3,P4,Glucose,TPI1,ACO1,45486,29696
E2,P1,Glucose,TPI1,ADE2,3679104,233782
E2,P2,Glucose,TPI1,ADE2,1393811,230227
E2,P3,Glucose,TPI1,ADE2,1726415,186940
E3,P1,Glucose,TPI1,ADE2,38240,29648
E3,P2,Glucose,TPI1,ADE2,39187,26448
E3,P3,Glucose,TPI1,ADE2,42077,29235
E3,P4,Glucose,TPI1,ADE2,39483,29696
E2,P1,Glucose,TPI1,ICL1,2118899,233782
E2,P2,Glucose,TPI1,ICL1,1716796,230227
E2,P3,Glucose,TPI1,ICL1,1961056,186940
E3,P1,Glucose,TPI1,ICL1,43790,29648
E3,P2,Glucose,TPI1,ICL1,42869,26448
E3,P3,Glucose,TPI1,ICL1,45469,29235
E3,P4,Glucose,TPI1,ICL1,46887,29696
E2,P1,Glucose,TPI1,LEU9,242360,233782
E2,P2,Glucose,TPI1,LEU9,190304,230227
E2,P3,Glucose,TPI1,LEU9,213110,186940
E3,P1,Glucose,TPI1,LEU9,29244,29648
E3,P2,Glucose,TPI1,LEU9,25896,26448
E3,P3,Glucose,TPI1,LEU9,26546,29235
E3,P4,Glucose,TPI1,LEU9,24280,29696
E2,P1,Glucose,TPI1,PDC1,14011031,233782
E2,P2,Glucose,TPI1,PDC1,6516805,230227
E2,P3,Glucose,TPI1,PDC1,10765298,186940
E3,P1,Glucose,TPI1,PDC1,89691,29648
E3,P2,Glucose,TPI1,PDC1,92143,26448
E3,P3,Glucose,TPI1,PDC1,96027,29235
E3,P4,Glucose,TPI1,PDC1,105717,29696
E2,P1,Glucose,TPI1,PGK1,6990879,233782
E2,P2,Glucose,TPI1,PGK1,3019998,230227
E2,P3,Glucose,TPI1,PGK1,5206686,186940
E3,P1,Glucose,TPI1,PGK1,49364,29648
E3,P2,Glucose,TPI1,PGK1,50582,26448
E3,P3,Glucose,TPI1,PGK1,55324,29235
E3,P4,Glucose,TPI1,PGK1,51136,29696
E2,P1,Glucose,TPI1,RPL28,733301,233782
E2,P2,Glucose,TPI1,RPL28,1126981,230227
E2,P3,Glucose,TPI1,RPL28,1672476,186940
E3,P1,Glucose,TPI1,RPL28,41869,29648
E3,P2,Glucose,TPI1,RPL28,38840,26448
E3,P3,Glucose,TPI1,RPL28,41132,29235
E3,P4,Glucose,TPI1,RPL28,38025,29696
E2,P1,Glucose,TPI1,TDH3,15105841,233782
E2,P2,Glucose,TPI1,TDH3,9655042,230227
E2,P3,Glucose,TPI1,TDH3,10031531,186940
E3,P1,Glucose,TPI1,TDH3,75863,29648
E3,P2,Glucose,TPI1,TDH3,81863,26448
E3,P3,Glucose,TPI1,TDH3,111797,29235
E3,P4,Glucose,TPI1,TDH3,87303,29696
E2,P1,Glucose,TPI1,TPI1,5440269,233782
E2,P2,Glucose,TPI1,TPI1,4856156,230227
E2,P3,Glucose,TPI1,TPI1,5821962,186940
E3,P1,Glucose,TPI1,TPI1,60282,29648
E3,P2,Glucose,TPI1,TPI1,58537,26448
E3,P3,Glucose,TPI1,TPI1,64222,29235
E3,P4,Glucose,TPI1,TPI1,65808,29696
E1,P1,Glycerol,ACO1,ACO1,19973,10777
E1,P2,Glycerol,ACO1,ACO1,29270,13166
E1,P3,Glycerol,ACO1,ACO1,27101,10150
E1,P1,Glycerol,ACO1,ADE2,21125,10777
E1,P2,Glycerol,ACO1,ADE2,27696,13166
E1,P3,Glycerol,ACO1,ADE2,26216,10150
E1,P1,Glycerol,ACO1,ICL1,26032,10777
E1,P2,Glycerol,ACO1,ICL1,35922,13166
E1,P3,Glycerol,ACO1,ICL1,39898,10150
E1,P1,Glycerol,ACO1,LEU9,10315,10777
E1,P2,Glycerol,ACO1,LEU9,14005,13166
E1,P3,Glycerol,ACO1,LEU9,11545,10150
E1,P1,Glycerol,ACO1,PDC1,51744,10777
E1,P2,Glycerol,ACO1,PDC1,57962,13166
E1,P3,Glycerol,ACO1,PDC1,65808,10150
E1,P1,Glycerol,ACO1,PGK1,26279,10777
E1,P2,Glycerol,ACO1,PGK1,30279,13166
E1,P3,Glycerol,ACO1,PGK1,31169,10150
E1,P1,Glycerol,ACO1,RPL28,20870,10777
E1,P2,Glycerol,ACO1,RPL28,28540,13166
E1,P3,Glycerol,ACO1,RPL28,28782,10150
E1,P1,Glycerol,ACO1,TDH3,45701,10777
E1,P2,Glycerol,ACO1,TDH3,54999,13166
E1,P3,Glycerol,ACO1,TDH3,38473,10150
E1,P1,Glycerol,ACO1,TPI1,30498,10777
E1,P2,Glycerol,ACO1,TPI1,35939,13166
E1,P3,Glycerol,ACO1,TPI1,39348,10150
E1,P1,Glycerol,ADE2,ACO1,11814,10777
E1,P2,Glycerol,ADE2,ACO1,14370,13166
E1,P3,Glycerol,ADE2,ACO1,11916,10150
E1,P1,Glycerol,ADE2,ADE2,12164,10777
E1,P2,Glycerol,ADE2,ADE2,14573,13166
E1,P3,Glycerol,ADE2,ADE2,11700,10150
E1,P1,Glycerol,ADE2,ICL1,17834,10777
E1,P2,Glycerol,ADE2,ICL1,23570,13166
E1,P3,Glycerol,ADE2,ICL1,18667,10150
E1,P1,Glycerol,ADE2,LEU9,12242,10777
E1,P2,Glycerol,ADE2,LEU9,14411,13166
E1,P3,Glycerol,ADE2,LEU9,12030,10150
E1,P1,Glycerol,ADE2,PDC1,12884,10777
E1,P2,Glycerol,ADE2,PDC1,16640,13166
E1,P3,Glycerol,ADE2,PDC1,12265,10150
E1,P1,Glycerol,ADE2,PGK1,12341,10777
E1,P2,Glycerol,ADE2,PGK1,15143,13166
E1,P3,Glycerol,ADE2,PGK1,11830,10150
E1,P1,Glycerol,ADE2,RPL28,12576,10777
E1,P2,Glycerol,ADE2,RPL28,14923,13166
E1,P3,Glycerol,ADE2,RPL28,12733,10150
E1,P1,Glycerol,ADE2,TDH3,16521,10777
E1,P2,Glycerol,ADE2,TDH3,22046,13166
E1,P3,Glycerol,ADE2,TDH3,16052,10150
E1,P1,Glycerol,ADE2,TPI1,12079,10777
E1,P2,Glycerol,ADE2,TPI1,15618,13166
E1,P3,Glycerol,ADE2,TPI1,11756,10150
E1,P1,Glycerol,ICL1,ACO1,16271,10777
E1,P2,Glycerol,ICL1,ACO1,22081,13166
E1,P3,Glycerol,ICL1,ACO1,18827,10150
E1,P1,Glycerol,ICL1,ADE2,15191,10777
E1,P2,Glycerol,ICL1,ADE2,18661,13166
E1,P3,Glycerol,ICL1,ADE2,17171,10150
E1,P1,Glycerol,ICL1,ICL1,37508,10777
E1,P2,Glycerol,ICL1,ICL1,40510,13166
E1,P3,Glycerol,ICL1,ICL1,46328,10150
E1,P1,Glycerol,ICL1,LEU9,9327,10777
E1,P2,Glycerol,ICL1,LEU9,13341,13166
E1,P3,Glycerol,ICL1,LEU9,10452,10150
E1,P1,Glycerol,ICL1,PDC1,35816,10777
E1,P2,Glycerol,ICL1,PDC1,42024,13166
E1,P3,Glycerol,ICL1,PDC1,36380,10150
E1,P1,Glycerol,ICL1,PGK1,19328,10777
E1,P2,Glycerol,ICL1,PGK1,23412,13166
E1,P3,Glycerol,ICL1,PGK1,18972,10150
E1,P1,Glycerol,ICL1,RPL28,9559,10777
E1,P2,Glycerol,ICL1,RPL28,12988,13166
E1,P3,Glycerol,ICL1,RPL28,10271,10150
E1,P1,Glycerol,ICL1,TDH3,36356,10777
E1,P2,Glycerol,ICL1,TDH3,38729,13166
E1,P3,Glycerol,ICL1,TDH3,33147,10150
E1,P1,Glycerol,ICL1,TPI1,22947,10777
E1,P2,Glycerol,ICL1,TPI1,27615,13166
E1,P3,Glycerol,ICL1,TPI1,23762,10150
E1,P1,Glycerol,LEU9,ACO1,9186,10777
E1,P2,Glycerol,LEU9,ACO1,14370,13166
E1,P3,Glycerol,LEU9,ACO1,9717,10150
E1,P1,Glycerol,LEU9,ADE2,7623,10777
E1,P2,Glycerol,LEU9,ADE2,11229,13166
E1,P3,Glycerol,LEU9,ADE2,7478,10150
E1,P1,Glycerol,LEU9,ICL1,16246,10777
E1,P2,Glycerol,LEU9,ICL1,18384,13166
E1,P3,Glycerol,LEU9,ICL1,18101,10150
E1,P1,Glycerol,LEU9,LEU9,7715,10777
E1,P2,Glycerol,LEU9,LEU9,10431,13166
E1,P3,Glycerol,LEU9,LEU9,7744,10150
E1,P1,Glycerol,LEU9,PDC1,18178,10777
E1,P2,Glycerol,LEU9,PDC1,19274,13166
E1,P3,Glycerol,LEU9,PDC1,16320,10150
E1,P1,Glycerol,LEU9,PGK1,11743,10777
E1,P2,Glycerol,LEU9,PGK1,13994,13166
E1,P3,Glycerol,LEU9,PGK1,11804,10150
E1,P1,Glycerol,LEU9,RPL28,9200,10777
E1,P2,Glycerol,LEU9,RPL28,12763,13166
E1,P3,Glycerol,LEU9,RPL28,10201,10150
E1,P1,Glycerol,LEU9,TDH3,21447,10777
E1,P2,Glycerol,LEU9,TDH3,22932,13166
E1,P3,Glycerol,LEU9,TDH3,20736,10150
E1,P1,Glycerol,LEU9,TPI1,11511,10777
E1,P2,Glycerol,LEU9,TPI1,14699,13166
E1,P3,Glycerol,LEU9,TPI1,12231,10150
E1,P1,Glycerol,PDC1,ACO1,17865,10777
E1,P2,Glycerol,PDC1,ACO1,28973,13166
E1,P3,Glycerol,PDC1,ACO1,21581,10150
E1,P1,Glycerol,PDC1,ADE2,15331,10777
E1,P2,Glycerol,PDC1,ADE2,20869,13166
E1,P3,Glycerol,PDC1,ADE2,17517,10150
E1,P1,Glycerol,PDC1,ICL1,22950,10777
E1,P2,Glycerol,PDC1,ICL1,29382,13166
E1,P3,Glycerol,PDC1,ICL1,26543,10150
E1,P1,Glycerol,PDC1,LEU9,10081,10777
E1,P2,Glycerol,PDC1,LEU9,12831,13166
E1,P3,Glycerol,PDC1,LEU9,10614,10150
E1,P1,Glycerol,PDC1,PDC1,49400,10777
E1,P2,Glycerol,PDC1,PDC1,56399,13166
E1,P3,Glycerol,PDC1,PDC1,54077,10150
E1,P1,Glycerol,PDC1,PGK1,24398,10777
E1,P2,Glycerol,PDC1,PGK1,29864,13166
E1,P3,Glycerol,PDC1,PGK1,23303,10150
E1,P1,Glycerol,PDC1,RPL28,18259,10777
E1,P2,Glycerol,PDC1,RPL28,23414,13166
E1,P3,Glycerol,PDC1,RPL28,21146,10150
E1,P1,Glycerol,PDC1,TDH3,53816,10777
E1,P2,Glycerol,PDC1,TDH3,61154,13166
E1,P3,Glycerol,PDC1,TDH3,46950,10150
E1,P1,Glycerol,PDC1,TPI1,28488,10777
E1,P2,Glycerol,PDC1,TPI1,35385,13166
E1,P3,Glycerol,PDC1,TPI1,35199,10150
E1,P1,Glycerol,PGK1,ACO1,30059,10777
E1,P2,Glycerol,PGK1,ACO1,43730,13166
E1,P3,Glycerol,PGK1,ACO1,30646,10150
E1,P1,Glycerol,PGK1,ADE2,27915,10777
E1,P2,Glycerol,PGK1,ADE2,36805,13166
E1,P3,Glycerol,PGK1,ADE2,31186,10150
E1,P1,Glycerol,PGK1,ICL1,41530,10777
E1,P2,Glycerol,PGK1,ICL1,62290,13166
E1,P3,Glycerol,PGK1,ICL1,48525,10150
E1,P1,Glycerol,PGK1,LEU9,11962,10777
E1,P2,Glycerol,PGK1,LEU9,13636,13166
E1,P3,Glycerol,PGK1,LEU9,11566,10150
E1,P1,Glycerol,PGK1,PDC1,66657,10777
E1,P2,Glycerol,PGK1,PDC1,102625,13166
E1,P3,Glycerol,PGK1,PDC1,56270,10150
E1,P1,Glycerol,PGK1,PGK1,39578,10777
E1,P2,Glycerol,PGK1,PGK1,52148,13166
E1,P3,Glycerol,PGK1,PGK1,37280,10150
E1,P1,Glycerol,PGK1,RPL28,25946,10777
E1,P2,Glycerol,PGK1,RPL28,39378,13166
E1,P3,Glycerol,PGK1,RPL28,30457,10150
E1,P1,Glycerol,PGK1,TDH3,85212,10777
E1,P2,Glycerol,PGK1,TDH3,102807,13166
E1,P3,Glycerol,PGK1,TDH3,55935,10150
E1,P1,Glycerol,PGK1,TPI1,45977,10777
E1,P2,Glycerol,PGK1,TPI1,62447,13166
E1,P3,Glycerol,PGK1,TPI1,42717,10150
E1,P1,Glycerol,RPL28,ACO1,33680,10777
E1,P2,Glycerol,RPL28,ACO1,47382,13166
E1,P3,Glycerol,RPL28,ACO1,39586,10150
E1,P1,Glycerol,RPL28,ADE2,17420,10777
E1,P2,Glycerol,RPL28,ADE2,22746,13166
E1,P3,Glycerol,RPL28,ADE2,19761,10150
E1,P1,Glycerol,RPL28,ICL1,11405,10777
E1,P2,Glycerol,RPL28,ICL1,15429,13166
E1,P3,Glycerol,RPL28,ICL1,13046,10150
E1,P1,Glycerol,RPL28,LEU9,11063,10777
E1,P2,Glycerol,RPL28,LEU9,14641,13166
E1,P3,Glycerol,RPL28,LEU9,12060,10150
E1,P1,Glycerol,RPL28,PDC1,19831,10777
E1,P2,Glycerol,RPL28,PDC1,25417,13166
E1,P3,Glycerol,RPL28,PDC1,21579,10150
E1,P1,Glycerol,RPL28,PGK1,21043,10777
E1,P2,Glycerol,RPL28,PGK1,24163,13166
E1,P3,Glycerol,RPL28,PGK1,19801,10150
E1,P1,Glycerol,RPL28,RPL28,19296,10777
E1,P2,Glycerol,RPL28,RPL28,25988,13166
E1,P3,Glycerol,RPL28,RPL28,21760,10150
E1,P1,Glycerol,RPL28,TDH3,38373,10777
E1,P2,Glycerol,RPL28,TDH3,41134,13166
E1,P3,Glycerol,RPL28,TDH3,30788,10150
E1,P1,Glycerol,RPL28,TPI1,26804,10777
E1,P2,Glycerol,RPL28,TPI1,31475,13166
E1,P3,Glycerol,RPL28,TPI1,28769,10150
E1,P1,Glycerol,TDH3,ACO1,38735,10777
E1,P2,Glycerol,TDH3,ACO1,59723,13166
E1,P3,Glycerol,TDH3,ACO1,38584,10150
E1,P1,Glycerol,TDH3,ADE2,32044,10777
E1,P2,Glycerol,TDH3,ADE2,51176,13166
E1,P3,Glycerol,TDH3,ADE2,32281,10150
E1,P1,Glycerol,TDH3,ICL1,46801,10777
E1,P2,Glycerol,TDH3,ICL1,66785,13166
E1,P3,Glycerol,TDH3,ICL1,72555,10150
E1,P1,Glycerol,TDH3,LEU9,11914,10777
E1,P2,Glycerol,TDH3,LEU9,14247,13166
E1,P3,Glycerol,TDH3,LEU9,12556,10150
E1,P1,Glycerol,TDH3,PDC1,88958,10777
E1,P2,Glycerol,TDH3,PDC1,168838,13166
E1,P3,Glycerol,TDH3,PDC1,99654,10150
E1,P1,Glycerol,TDH3,PGK1,45346,10777
E1,P2,Glycerol,TDH3,PGK1,73004,13166
E1,P3,Glycerol,TDH3,PGK1,43138,10150
E1,P1,Glycerol,TDH3,RPL28,30057,10777
E1,P2,Glycerol,TDH3,RPL28,44971,13166
E1,P3,Glycerol,TDH3,RPL28,29136,10150
E1,P1,Glycerol,TDH3,TDH3,110253,10777
E1,P2,Glycerol,TDH3,TDH3,122689,13166
E1,P3,Glycerol,TDH3,TDH3,90269,10150
E1,P1,Glycerol,TDH3,TPI1,55986,10777
E1,P2,Glycerol,TDH3,TPI1,80928,13166
E1,P3,Glycerol,TDH3,TPI1,49829,10150
E1,P1,Glycerol,TPI1,ACO1,18748,10777
E1,P2,Glycerol,TPI1,ACO1,25160,13166
E1,P3,Glycerol,TPI1,ACO1,18242,10150
E1,P1,Glycerol,TPI1,ADE2,13720,10777
E1,P2,Glycerol,TPI1,ADE2,20020,13166
E1,P3,Glycerol,TPI1,ADE2,15146,10150
E1,P1,Glycerol,TPI1,ICL1,25604,10777
E1,P2,Glycerol,TPI1,ICL1,33868,13166
E1,P3,Glycerol,TPI1,ICL1,28922,10150
E1,P1,Glycerol,TPI1,LEU9,9960,10777
E1,P2,Glycerol,TPI1,LEU9,13216,13166
E1,P3,Glycerol,TPI1,LEU9,10185,10150
E1,P1,Glycerol,TPI1,PDC1,44694,10777
E1,P2,Glycerol,TPI1,PDC1,54293,13166
E1,P3,Glycerol,TPI1,PDC1,37271,10150
E1,P1,Glycerol,TPI1,PGK1,22085,10777
E1,P2,Glycerol,TPI1,PGK1,27295,13166
E1,P3,Glycerol,TPI1,PGK1,20127,10150
E1,P1,Glycerol,TPI1,RPL28,14316,10777
E1,P2,Glycerol,TPI1,RPL28,20108,13166
E1,P3,Glycerol,TPI1,RPL28,15026,10150
E1,P1,Glycerol,TPI1,TDH3,46374,10777
E1,P2,Glycerol,TPI1,TDH3,49102,13166
E1,P3,Glycerol,TPI1,TDH3,37855,10150
E1,P1,Glycerol,TPI1,TPI1,28851,10777
E1,P2,Glycerol,TPI1,TPI1,38612,13166
E1,P3,Glycerol,TPI1,TPI1,28614,10150
E1,P1,Isw2D,ACO1,ACO1,14604,10658
E1,P2,Isw2D,ACO1,ACO1,21085,10396
E1,P3,Isw2D,ACO1,ACO1,16049,10138
E1,P1,Isw2D,ACO1,ADE2,13914,10658
E1,P2,Isw2D,ACO1,ADE2,15293,10396
E1,P3,Isw2D,ACO1,ADE2,15076,10138
E1,P1,Isw2D,ACO1,ICL1,12130,10658
E1,P2,Isw2D,ACO1,ICL1,12170,10396
E1,P3,Isw2D,ACO1,ICL1,12373,10138
E1,P1,Isw2D,ACO1,LEU9,10590,10658
E1,P2,Isw2D,ACO1,LEU9,10635,10396
E1,P3,Isw2D,ACO1,LEU9,10869,10138
E1,P1,Isw2D,ACO1,PDC1,28981,10658
E1,P2,Isw2D,ACO1,PDC1,39739,10396
E1,P3,Isw2D,ACO1,PDC1,30635,10138
E1,P1,Isw2D,ACO1,PGK1,20236,10658
E1,P2,Isw2D,ACO1,PGK1,22284,10396
E1,P3,Isw2D,ACO1,PGK1,17057,10138
E1,P1,Isw2D,ACO1,RPL28,14038,10658
E1,P2,Isw2D,ACO1,RPL28,15904,10396
E1,P3,Isw2D,ACO1,RPL28,17477,10138
E1,P1,Isw2D,ACO1,TDH3,20563,10658
E1,P2,Isw2D,ACO1,TDH3,27327,10396
E1,P3,Isw2D,ACO1,TDH3,40793,10138
E1,P1,Isw2D,ACO1,TPI1,20629,10658
E1,P2,Isw2D,ACO1,TPI1,19553,10396
E1,P3,Isw2D,ACO1,TPI1,25023,10138
E1,P1,Isw2D,ADE2,ACO1,12903,10658
E1,P2,Isw2D,ADE2,ACO1,12977,10396
E1,P3,Isw2D,ADE2,ACO1,12823,10138
E1,P1,Isw2D,ADE2,ADE2,11558,10658
E1,P2,Isw2D,ADE2,ADE2,13520,10396
E1,P3,Isw2D,ADE2,ADE2,11815,10138
E1,P1,Isw2D,ADE2,ICL1,11319,10658
E1,P2,Isw2D,ADE2,ICL1,13404,10396
E1,P3,Isw2D,ADE2,ICL1,10680,10138
E1,P1,Isw2D,ADE2,LEU9,11188,10658
E1,P2,Isw2D,ADE2,LEU9,11803,10396
E1,P3,Isw2D,ADE2,LEU9,11057,10138
E1,P1,Isw2D,ADE2,PDC1,11913,10658
E1,P2,Isw2D,ADE2,PDC1,14253,10396
E1,P3,Isw2D,ADE2,PDC1,14117,10138
E1,P1,Isw2D,ADE2,PGK1,12925,10658
E1,P2,Isw2D,ADE2,PGK1,13202,10396
E1,P3,Isw2D,ADE2,PGK1,12690,10138
E1,P1,Isw2D,ADE2,RPL28,11849,10658
E1,P2,Isw2D,ADE2,RPL28,12393,10396
E1,P3,Isw2D,ADE2,RPL28,12405,10138
E1,P1,Isw2D,ADE2,TDH3,18055,10658
E1,P2,Isw2D,ADE2,TDH3,17757,10396
E1,P3,Isw2D,ADE2,TDH3,16958,10138
E1,P1,Isw2D,ADE2,TPI1,13544,10658
E1,P2,Isw2D,ADE2,TPI1,14753,10396
E1,P3,Isw2D,ADE2,TPI1,15453,10138
E1,P1,Isw2D,ICL1,ACO1,11278,10658
E1,P2,Isw2D,ICL1,ACO1,12338,10396
E1,P3,Isw2D,ICL1,ACO1,11316,10138
E1,P1,Isw2D,ICL1,ADE2,11079,10658
E1,P2,Isw2D,ICL1,ADE2,11214,10396
E1,P3,Isw2D,ICL1,ADE2,12222,10138
E1,P1,Isw2D,ICL1,ICL1,10567,10658
E1,P2,Isw2D,ICL1,ICL1,9888,10396
E1,P3,Isw2D,ICL1,ICL1,10662,10138
E1,P1,Isw2D,ICL1,LEU9,10478,10658
E1,P2,Isw2D,ICL1,LEU9,9568,10396
E1,P3,Isw2D,ICL1,LEU9,10670,10138
E1,P1,Isw2D,ICL1,PDC1,13999,10658
E1,P2,Isw2D,ICL1,PDC1,13888,10396
E1,P3,Isw2D,ICL1,PDC1,13271,10138
E1,P1,Isw2D,ICL1,PGK1,12457,10658
E1,P2,Isw2D,ICL1,PGK1,11667,10396
E1,P3,Isw2D,ICL1,PGK1,10691,10138
E1,P1,Isw2D,ICL1,RPL28,9846,10658
E1,P2,Isw2D,ICL1,RPL28,9486,10396
E1,P3,Isw2D,ICL1,RPL28,10352,10138
E1,P1,Isw2D,ICL1,TDH3,13137,10658
E1,P2,Isw2D,ICL1,TDH3,11979,10396
E1,P3,Isw2D,ICL1,TDH3,13198,10138
E1,P1,Isw2D,ICL1,TPI1,12492,10658
E1,P2,Isw2D,ICL1,TPI1,12862,10396
E1,P3,Isw2D,ICL1,TPI1,13555,10138
E1,P1,Isw2D,LEU9,ACO1,15503,10658
E1,P2,Isw2D,LEU9,ACO1,21982,10396
E1,P3,Isw2D,LEU9,ACO1,14772,10138
E1,P1,Isw2D,LEU9,ADE2,9604,10658
E1,P2,Isw2D,LEU9,ADE2,8855,10396
E1,P3,Isw2D,LEU9,ADE2,10275,10138
E1,P1,Isw2D,LEU9,ICL1,13336,10658
E1,P2,Isw2D,LEU9,ICL1,14911,10396
E1,P3,Isw2D,LEU9,ICL1,18306,10138
E1,P1,Isw2D,LEU9,LEU9,9324,10658
E1,P2,Isw2D,LEU9,LEU9,9030,10396
E1,P3,Isw2D,LEU9,LEU9,10590,10138
E1,P1,Isw2D,LEU9,PDC1,29545,10658
E1,P2,Isw2D,LEU9,PDC1,29292,10396
E1,P3,Isw2D,LEU9,PDC1,32730,10138
E1,P1,Isw2D,LEU9,PGK1,21188,10658
E1,P2,Isw2D,LEU9,PGK1,19028,10396
E1,P3,Isw2D,LEU9,PGK1,24010,10138
E1,P1,Isw2D,LEU9,RPL28,14603,10658
E1,P2,Isw2D,LEU9,RPL28,14675,10396
E1,P3,Isw2D,LEU9,RPL28,21569,10138
E1,P1,Isw2D,LEU9,TDH3,30926,10658
E1,P2,Isw2D,LEU9,TDH3,29046,10396
E1,P3,Isw2D,LEU9,TDH3,43879,10138
E1,P1,Isw2D,LEU9,TPI1,15803,10658
E1,P2,Isw2D,LEU9,TPI1,19763,10396
E1,P3,Isw2D,LEU9,TPI1,24614,10138
E1,P1,Isw2D,PDC1,ACO1,21672,10658
E1,P2,Isw2D,PDC1,ACO1,25431,10396
E1,P3,Isw2D,PDC1,ACO1,22931,10138
E1,P1,Isw2D,PDC1,ADE2,16705,10658
E1,P2,Isw2D,PDC1,ADE2,19302,10396
E1,P3,Isw2D,PDC1,ADE2,19120,10138
E1,P1,Isw2D,PDC1,ICL1,13457,10658
E1,P2,Isw2D,PDC1,ICL1,14437,10396
E1,P3,Isw2D,PDC1,ICL1,14830,10138
E1,P1,Isw2D,PDC1,LEU9,10448,10658
E1,P2,Isw2D,PDC1,LEU9,11024,10396
E1,P3,Isw2D,PDC1,LEU9,10736,10138
E1,P1,Isw2D,PDC1,PDC1,78857,10658
E1,P2,Isw2D,PDC1,PDC1,69295,10396
E1,P3,Isw2D,PDC1,PDC1,47410,10138
E1,P1,Isw2D,PDC1,PGK1,35768,10658
E1,P2,Isw2D,PDC1,PGK1,31068,10396
E1,P3,Isw2D,PDC1,PGK1,27408,10138
E1,P1,Isw2D,PDC1,RPL28,30288,10658
E1,P2,Isw2D,PDC1,RPL28,20635,10396
E1,P3,Isw2D,PDC1,RPL28,33826,10138
E1,P1,Isw2D,PDC1,TDH3,64823,10658
E1,P2,Isw2D,PDC1,TDH3,55409,10396
E1,P3,Isw2D,PDC1,TDH3,54063,10138
E1,P1,Isw2D,PDC1,TPI1,28223,10658
E1,P2,Isw2D,PDC1,TPI1,32317,10396
E1,P3,Isw2D,PDC1,TPI1,37764,10138
E1,P1,Isw2D,PGK1,ACO1,28212,10658
E1,P2,Isw2D,PGK1,ACO1,30613,10396
E1,P3,Isw2D,PGK1,ACO1,43523,10138
E1,P1,Isw2D,PGK1,ADE2,21452,10658
E1,P2,Isw2D,PGK1,ADE2,27946,10396
E1,P3,Isw2D,PGK1,ADE2,24770,10138
E1,P1,Isw2D,PGK1,ICL1,22181,10658
E1,P2,Isw2D,PGK1,ICL1,25447,10396
E1,P3,Isw2D,PGK1,ICL1,25888,10138
E1,P1,Isw2D,PGK1,LEU9,10915,10658
E1,P2,Isw2D,PGK1,LEU9,11635,10396
E1,P3,Isw2D,PGK1,LEU9,11070,10138
E1,P1,Isw2D,PGK1,PDC1,97038,10658
E1,P2,Isw2D,PGK1,PDC1,106461,10396
E1,P3,Isw2D,PGK1,PDC1,60196,10138
E1,P1,Isw2D,PGK1,PGK1,51939,10658
E1,P2,Isw2D,PGK1,PGK1,35341,10396
E1,P3,Isw2D,PGK1,PGK1,42379,10138
E1,P1,Isw2D,PGK1,RPL28,35563,10658
E1,P2,Isw2D,PGK1,RPL28,28104,10396
E1,P3,Isw2D,PGK1,RPL28,35364,10138
E1,P1,Isw2D,PGK1,TDH3,90937,10658
E1,P2,Isw2D,PGK1,TDH3,86827,10396
E1,P3,Isw2D,PGK1,TDH3,51257,10138
E1,P1,Isw2D,PGK1,TPI1,38738,10658
E1,P2,Isw2D,PGK1,TPI1,40005,10396
E1,P3,Isw2D,PGK1,TPI1,68589,10138
E1,P1,Isw2D,RPL28,ACO1,29379,10658
E1,P2,Isw2D,RPL28,ACO1,37024,10396
E1,P3,Isw2D,RPL28,ACO1,32767,10138
E1,P1,Isw2D,RPL28,ADE2,17320,10658
E1,P2,Isw2D,RPL28,ADE2,20501,10396
E1,P3,Isw2D,RPL28,ADE2,21855,10138
E1,P1,Isw2D,RPL28,ICL1,10345,10658
E1,P2,Isw2D,RPL28,ICL1,10191,10396
E1,P3,Isw2D,RPL28,ICL1,10162,10138
E1,P1,Isw2D,RPL28,LEU9,11155,10658
E1,P2,Isw2D,RPL28,LEU9,10676,10396
E1,P3,Isw2D,RPL28,LEU9,10844,10138
E1,P1,Isw2D,RPL28,PDC1,19619,10658
E1,P2,Isw2D,RPL28,PDC1,26812,10396
E1,P3,Isw2D,RPL28,PDC1,21409,10138
E1,P1,Isw2D,RPL28,PGK1,25315,10658
E1,P2,Isw2D,RPL28,PGK1,33181,10396
E1,P3,Isw2D,RPL28,PGK1,21311,10138
E1,P1,Isw2D,RPL28,RPL28,19612,10658
E1,P2,Isw2D,RPL28,RPL28,21539,10396
E1,P3,Isw2D,RPL28,RPL28,26791,10138
E1,P1,Isw2D,RPL28,TDH3,42125,10658
E1,P2,Isw2D,RPL28,TDH3,36964,10396
E1,P3,Isw2D,RPL28,TDH3,37668,10138
E1,P1,Isw2D,RPL28,TPI1,21607,10658
E1,P2,Isw2D,RPL28,TPI1,24431,10396
E1,P3,Isw2D,RPL28,TPI1,28992,10138
E1,P1,Isw2D,TDH3,ACO1,46162,10658
E1,P2,Isw2D,TDH3,ACO1,49154,10396
E1,P3,Isw2D,TDH3,ACO1,58423,10138
E1,P1,Isw2D,TDH3,ADE2,32204,10658
E1,P2,Isw2D,TDH3,ADE2,33590,10396
E1,P3,Isw2D,TDH3,ADE2,49582,10138
E1,P1,Isw2D,TDH3,ICL1,21905,10658
E1,P2,Isw2D,TDH3,ICL1,28720,10396
E1,P3,Isw2D,TDH3,ICL1,40796,10138
E1,P1,Isw2D,TDH3,LEU9,11289,10658
E1,P2,Isw2D,TDH3,LEU9,11159,10396
E1,P3,Isw2D,TDH3,LEU9,11108,10138
E1,P1,Isw2D,TDH3,PDC1,215871,10658
E1,P2,Isw2D,TDH3,PDC1,93080,10396
E1,P3,Isw2D,TDH3,PDC1,82729,10138
E1,P1,Isw2D,TDH3,PGK1,104257,10658
E1,P2,Isw2D,TDH3,PGK1,56823,10396
E1,P3,Isw2D,TDH3,PGK1,57053,10138
E1,P1,Isw2D,TDH3,RPL28,47204,10658
E1,P2,Isw2D,TDH3,RPL28,25477,10396
E1,P3,Isw2D,TDH3,RPL28,33321,10138
E1,P1,Isw2D,TDH3,TDH3,130093,10658
E1,P2,Isw2D,TDH3,TDH3,136554,10396
E1,P3,Isw2D,TDH3,TDH3,62169,10138
E1,P1,Isw2D,TDH3,TPI1,52563,10658
E1,P2,Isw2D,TDH3,TPI1,55025,10396
E1,P3,Isw2D,TDH3,TPI1,79606,10138
E1,P1,Isw2D,TPI1,ACO1,18904,10658
E1,P2,Isw2D,TPI1,ACO1,32255,10396
E1,P3,Isw2D,TPI1,ACO1,22624,10138
E1,P1,Isw2D,TPI1,ADE2,16498,10658
E1,P2,Isw2D,TPI1,ADE2,18131,10396
E1,P3,Isw2D,TPI1,ADE2,23613,10138
E1,P1,Isw2D,TPI1,ICL1,17207,10658
E1,P2,Isw2D,TPI1,ICL1,17180,10396
E1,P3,Isw2D,TPI1,ICL1,20535,10138
E1,P1,Isw2D,TPI1,LEU9,10360,10658
E1,P2,Isw2D,TPI1,LEU9,9961,10396
E1,P3,Isw2D,TPI1,LEU9,10540,10138
E1,P1,Isw2D,TPI1,PDC1,57151,10658
E1,P2,Isw2D,TPI1,PDC1,63328,10396
E1,P3,Isw2D,TPI1,PDC1,50437,10138
E1,P1,Isw2D,TPI1,PGK1,31535,10658
E1,P2,Isw2D,TPI1,PGK1,34410,10396
E1,P3,Isw2D,TPI1,PGK1,29451,10138
E1,P1,Isw2D,TPI1,RPL28,17039,10658
E1,P2,Isw2D,TPI1,RPL28,25023,10396
E1,P3,Isw2D,TPI1,RPL28,25303,10138
E1,P1,Isw2D,TPI1,TDH3,63236,10658
E1,P2,Isw2D,TPI1,TDH3,52727,10396
E1,P3,Isw2D,TPI1,TDH3,53248,10138
E1,P1,Isw2D,TPI1,TPI1,29253,10658
E1,P2,Isw2D,TPI1,TPI1,34021,10396
E1,P3,Isw2D,TPI1,TPI1,37283,10138
E1,P1,Mot1-1_32C_4h,ACO1,ACO1,34435,15363
E1,P2,Mot1-1_32C_4h,ACO1,ACO1,32341,16231
E1,P3,Mot1-1_32C_4h,ACO1,ACO1,31784,16027
E1,P1,Mot1-1_32C_4h,ACO1,ADE2,31489,15363
E1,P2,Mot1-1_32C_4h,ACO1,ADE2,33528,16231
E1,P3,Mot1-1_32C_4h,ACO1,ADE2,33028,16027
E1,P1,Mot1-1_32C_4h,ACO1,ICL1,21487,15363
E1,P2,Mot1-1_32C_4h,ACO1,ICL1,21815,16231
E1,P3,Mot1-1_32C_4h,ACO1,ICL1,20315,16027
E1,P1,Mot1-1_32C_4h,ACO1,LEU9,16456,15363
E1,P2,Mot1-1_32C_4h,ACO1,LEU9,16714,16231
E1,P3,Mot1-1_32C_4h,ACO1,LEU9,16340,16027
E1,P1,Mot1-1_32C_4h,ACO1,PDC1,107199,15363
E1,P2,Mot1-1_32C_4h,ACO1,PDC1,98326,16231
E1,P3,Mot1-1_32C_4h,ACO1,PDC1,100288,16027
E1,P1,Mot1-1_32C_4h,ACO1,PGK1,35378,15363
E1,P2,Mot1-1_32C_4h,ACO1,PGK1,34672,16231
E1,P3,Mot1-1_32C_4h,ACO1,PGK1,34226,16027
E1,P1,Mot1-1_32C_4h,ACO1,RPL28,27527,15363
E1,P2,Mot1-1_32C_4h,ACO1,RPL28,28445,16231
E1,P3,Mot1-1_32C_4h,ACO1,RPL28,28498,16027
E1,P1,Mot1-1_32C_4h,ACO1,TDH3,66536,15363
E1,P2,Mot1-1_32C_4h,ACO1,TDH3,58753,16231
E1,P3,Mot1-1_32C_4h,ACO1,TDH3,63212,16027
E1,P1,Mot1-1_32C_4h,ACO1,TPI1,48543,15363
E1,P2,Mot1-1_32C_4h,ACO1,TPI1,48287,16231
E1,P3,Mot1-1_32C_4h,ACO1,TPI1,44568,16027
E1,P1,Mot1-1_32C_4h,ADE2,ACO1,25001,15363
E1,P2,Mot1-1_32C_4h,ADE2,ACO1,25654,16231
E1,P3,Mot1-1_32C_4h,ADE2,ACO1,26188,16027
E1,P1,Mot1-1_32C_4h,ADE2,ADE2,20579,15363
E1,P2,Mot1-1_32C_4h,ADE2,ADE2,20960,16231
E1,P3,Mot1-1_32C_4h,ADE2,ADE2,21322,16027
E1,P1,Mot1-1_32C_4h,ADE2,ICL1,17128,15363
E1,P2,Mot1-1_32C_4h,ADE2,ICL1,16837,16231
E1,P3,Mot1-1_32C_4h,ADE2,ICL1,17222,16027
E1,P1,Mot1-1_32C_4h,ADE2,LEU9,18530,15363
E1,P2,Mot1-1_32C_4h,ADE2,LEU9,17738,16231
E1,P3,Mot1-1_32C_4h,ADE2,LEU9,19108,16027
E1,P1,Mot1-1_32C_4h,ADE2,PDC1,35700,15363
E1,P2,Mot1-1_32C_4h,ADE2,PDC1,38319,16231
E1,P3,Mot1-1_32C_4h,ADE2,PDC1,39863,16027
E1,P1,Mot1-1_32C_4h,ADE2,PGK1,23432,15363
E1,P2,Mot1-1_32C_4h,ADE2,PGK1,23275,16231
E1,P3,Mot1-1_32C_4h,ADE2,PGK1,23800,16027
E1,P1,Mot1-1_32C_4h,ADE2,RPL28,22018,15363
E1,P2,Mot1-1_32C_4h,ADE2,RPL28,21964,16231
E1,P3,Mot1-1_32C_4h,ADE2,RPL28,21964,16027
E1,P1,Mot1-1_32C_4h,ADE2,TDH3,53137,15363
E1,P2,Mot1-1_32C_4h,ADE2,TDH3,52562,16231
E1,P3,Mot1-1_32C_4h,ADE2,TDH3,57611,16027
E1,P1,Mot1-1_32C_4h,ADE2,TPI1,29042,15363
E1,P2,Mot1-1_32C_4h,ADE2,TPI1,30253,16231
E1,P3,Mot1-1_32C_4h,ADE2,TPI1,29873,16027
E1,P1,Mot1-1_32C_4h,ICL1,ACO1,23200,15363
E1,P2,Mot1-1_32C_4h,ICL1,ACO1,21525,16231
E1,P3,Mot1-1_32C_4h,ICL1,ACO1,21515,16027
E1,P1,Mot1-1_32C_4h,ICL1,ADE2,20099,15363
E1,P2,Mot1-1_32C_4h,ICL1,ADE2,20611,16231
E1,P3,Mot1-1_32C_4h,ICL1,ADE2,20884,16027
E1,P1,Mot1-1_32C_4h,ICL1,ICL1,17511,15363
E1,P2,Mot1-1_32C_4h,ICL1,ICL1,16763,16231
E1,P3,Mot1-1_32C_4h,ICL1,ICL1,17209,16027
E1,P1,Mot1-1_32C_4h,ICL1,LEU9,16040,15363
E1,P2,Mot1-1_32C_4h,ICL1,LEU9,15258,16231
E1,P3,Mot1-1_32C_4h,ICL1,LEU9,16182,16027
E1,P1,Mot1-1_32C_4h,ICL1,PDC1,44491,15363
E1,P2,Mot1-1_32C_4h,ICL1,PDC1,38229,16231
E1,P3,Mot1-1_32C_4h,ICL1,PDC1,40223,16027
E1,P1,Mot1-1_32C_4h,ICL1,PGK1,22171,15363
E1,P2,Mot1-1_32C_4h,ICL1,PGK1,20486,16231
E1,P3,Mot1-1_32C_4h,ICL1,PGK1,19664,16027
E1,P1,Mot1-1_32C_4h,ICL1,RPL28,17474,15363
E1,P2,Mot1-1_32C_4h,ICL1,RPL28,15690,16231
E1,P3,Mot1-1_32C_4h,ICL1,RPL28,16347,16027
E1,P1,Mot1-1_32C_4h,ICL1,TDH3,37121,15363
E1,P2,Mot1-1_32C_4h,ICL1,TDH3,32461,16231
E1,P3,Mot1-1_32C_4h,ICL1,TDH3,32026,16027
E1,P1,Mot1-1_32C_4h,ICL1,TPI1,25742,15363
E1,P2,Mot1-1_32C_4h,ICL1,TPI1,23744,16231
E1,P3,Mot1-1_32C_4h,ICL1,TPI1,24508,16027
E1,P1,Mot1-1_32C_4h,LEU9,ACO1,32011,15363
E1,P2,Mot1-1_32C_4h,LEU9,ACO1,30379,16231
E1,P3,Mot1-1_32C_4h,LEU9,ACO1,29933,16027
E1,P1,Mot1-1_32C_4h,LEU9,ADE2,14640,15363
E1,P2,Mot1-1_32C_4h,LEU9,ADE2,14310,16231
E1,P3,Mot1-1_32C_4h,LEU9,ADE2,14848,16027
E1,P1,Mot1-1_32C_4h,LEU9,ICL1,23697,15363
E1,P2,Mot1-1_32C_4h,LEU9,ICL1,22372,16231
E1,P3,Mot1-1_32C_4h,LEU9,ICL1,23688,16027
E1,P1,Mot1-1_32C_4h,LEU9,LEU9,14756,15363
E1,P2,Mot1-1_32C_4h,LEU9,LEU9,14290,16231
E1,P3,Mot1-1_32C_4h,LEU9,LEU9,14150,16027
E1,P1,Mot1-1_32C_4h,LEU9,PDC1,93729,15363
E1,P2,Mot1-1_32C_4h,LEU9,PDC1,82889,16231
E1,P3,Mot1-1_32C_4h,LEU9,PDC1,82419,16027
E1,P1,Mot1-1_32C_4h,LEU9,PGK1,41830,15363
E1,P2,Mot1-1_32C_4h,LEU9,PGK1,40734,16231
E1,P3,Mot1-1_32C_4h,LEU9,PGK1,39458,16027
E1,P1,Mot1-1_32C_4h,LEU9,RPL28,30903,15363
E1,P2,Mot1-1_32C_4h,LEU9,RPL28,29753,16231
E1,P3,Mot1-1_32C_4h,LEU9,RPL28,29941,16027
E1,P1,Mot1-1_32C_4h,LEU9,TDH3,83295,15363
E1,P2,Mot1-1_32C_4h,LEU9,TDH3,80537,16231
E1,P3,Mot1-1_32C_4h,LEU9,TDH3,75365,16027
E1,P1,Mot1-1_32C_4h,LEU9,TPI1,42509,15363
E1,P2,Mot1-1_32C_4h,LEU9,TPI1,42115,16231
E1,P3,Mot1-1_32C_4h,LEU9,TPI1,43407,16027
E1,P1,Mot1-1_32C_4h,PDC1,ACO1,45981,15363
E1,P2,Mot1-1_32C_4h,PDC1,ACO1,46658,16231
E1,P3,Mot1-1_32C_4h,PDC1,ACO1,39302,16027
E1,P1,Mot1-1_32C_4h,PDC1,ADE2,35151,15363
E1,P2,Mot1-1_32C_4h,PDC1,ADE2,33562,16231
E1,P3,Mot1-1_32C_4h,PDC1,ADE2,34264,16027
E1,P1,Mot1-1_32C_4h,PDC1,ICL1,19565,15363
E1,P2,Mot1-1_32C_4h,PDC1,ICL1,21593,16231
E1,P3,Mot1-1_32C_4h,PDC1,ICL1,19263,16027
E1,P1,Mot1-1_32C_4h,PDC1,LEU9,15768,15363
E1,P2,Mot1-1_32C_4h,PDC1,LEU9,16931,16231
E1,P3,Mot1-1_32C_4h,PDC1,LEU9,15270,16027
E1,P1,Mot1-1_32C_4h,PDC1,PDC1,107223,15363
E1,P2,Mot1-1_32C_4h,PDC1,PDC1,127647,16231
E1,P3,Mot1-1_32C_4h,PDC1,PDC1,105053,16027
E1,P1,Mot1-1_32C_4h,PDC1,PGK1,58810,15363
E1,P2,Mot1-1_32C_4h,PDC1,PGK1,53605,16231
E1,P3,Mot1-1_32C_4h,PDC1,PGK1,57969,16027
E1,P1,Mot1-1_32C_4h,PDC1,RPL28,43832,15363
E1,P2,Mot1-1_32C_4h,PDC1,RPL28,42775,16231
E1,P3,Mot1-1_32C_4h,PDC1,RPL28,44334,16027
E1,P1,Mot1-1_32C_4h,PDC1,TDH3,112521,15363
E1,P2,Mot1-1_32C_4h,PDC1,TDH3,97353,16231
E1,P3,Mot1-1_32C_4h,PDC1,TDH3,112036,16027
E1,P1,Mot1-1_32C_4h,PDC1,TPI1,63796,15363
E1,P2,Mot1-1_32C_4h,PDC1,TPI1,66740,16231
E1,P3,Mot1-1_32C_4h,PDC1,TPI1,62790,16027
E1,P1,Mot1-1_32C_4h,PGK1,ACO1,72341,15363
E1,P2,Mot1-1_32C_4h,PGK1,ACO1,82203,16231
E1,P3,Mot1-1_32C_4h,PGK1,ACO1,69927,16027
E1,P1,Mot1-1_32C_4h,PGK1,ADE2,74817,15363
E1,P2,Mot1-1_32C_4h,PGK1,ADE2,75154,16231
E1,P3,Mot1-1_32C_4h,PGK1,ADE2,75005,16027
E1,P1,Mot1-1_32C_4h,PGK1,ICL1,75522,15363
E1,P2,Mot1-1_32C_4h,PGK1,ICL1,83037,16231
E1,P3,Mot1-1_32C_4h,PGK1,ICL1,74768,16027
E1,P1,Mot1-1_32C_4h,PGK1,LEU9,16567,15363
E1,P2,Mot1-1_32C_4h,PGK1,LEU9,17014,16231
E1,P3,Mot1-1_32C_4h,PGK1,LEU9,16381,16027
E1,P1,Mot1-1_32C_4h,PGK1,PDC1,203564,15363
E1,P2,Mot1-1_32C_4h,PGK1,PDC1,243187,16231
E1,P3,Mot1-1_32C_4h,PGK1,PDC1,227182,16027
E1,P1,Mot1-1_32C_4h,PGK1,PGK1,105964,15363
E1,P2,Mot1-1_32C_4h,PGK1,PGK1,101108,16231
E1,P3,Mot1-1_32C_4h,PGK1,PGK1,103181,16027
E1,P1,Mot1-1_32C_4h,PGK1,RPL28,74473,15363
E1,P2,Mot1-1_32C_4h,PGK1,RPL28,87036,16231
E1,P3,Mot1-1_32C_4h,PGK1,RPL28,76285,16027
E1,P1,Mot1-1_32C_4h,PGK1,TDH3,211809,15363
E1,P2,Mot1-1_32C_4h,PGK1,TDH3,215563,16231
E1,P3,Mot1-1_32C_4h,PGK1,TDH3,204209,16027
E1,P1,Mot1-1_32C_4h,PGK1,TPI1,111041,15363
E1,P2,Mot1-1_32C_4h,PGK1,TPI1,114851,16231
E1,P3,Mot1-1_32C_4h,PGK1,TPI1,107664,16027
E1,P1,Mot1-1_32C_4h,RPL28,ACO1,194807,15363
E1,P2,Mot1-1_32C_4h,RPL28,ACO1,192121,16231
E1,P3,Mot1-1_32C_4h,RPL28,ACO1,162907,16027
E1,P1,Mot1-1_32C_4h,RPL28,ADE2,83965,15363
E1,P2,Mot1-1_32C_4h,RPL28,ADE2,86542,16231
E1,P3,Mot1-1_32C_4h,RPL28,ADE2,84620,16027
E1,P1,Mot1-1_32C_4h,RPL28,ICL1,20289,15363
E1,P2,Mot1-1_32C_4h,RPL28,ICL1,19242,16231
E1,P3,Mot1-1_32C_4h,RPL28,ICL1,19467,16027
E1,P1,Mot1-1_32C_4h,RPL28,LEU9,19494,15363
E1,P2,Mot1-1_32C_4h,RPL28,LEU9,19585,16231
E1,P3,Mot1-1_32C_4h,RPL28,LEU9,19168,16027
E1,P1,Mot1-1_32C_4h,RPL28,PDC1,82266,15363
E1,P2,Mot1-1_32C_4h,RPL28,PDC1,75303,16231
E1,P3,Mot1-1_32C_4h,RPL28,PDC1,75819,16027
E1,P1,Mot1-1_32C_4h,RPL28,PGK1,101945,15363
E1,P2,Mot1-1_32C_4h,RPL28,PGK1,88844,16231
E1,P3,Mot1-1_32C_4h,RPL28,PGK1,91284,16027
E1,P1,Mot1-1_32C_4h,RPL28,RPL28,100771,15363
E1,P2,Mot1-1_32C_4h,RPL28,RPL28,98277,16231
E1,P3,Mot1-1_32C_4h,RPL28,RPL28,88472,16027
E1,P1,Mot1-1_32C_4h,RPL28,TDH3,183326,15363
E1,P2,Mot1-1_32C_4h,RPL28,TDH3,165881,16231
E1,P3,Mot1-1_32C_4h,RPL28,TDH3,168170,16027
E1,P1,Mot1-1_32C_4h,RPL28,TPI1,100091,15363
E1,P2,Mot1-1_32C_4h,RPL28,TPI1,98829,16231
E1,P3,Mot1-1_32C_4h,RPL28,TPI1,93926,16027
E1,P1,Mot1-1_32C_4h,TDH3,ACO1,92591,15363
E1,P2,Mot1-1_32C_4h,TDH3,ACO1,98794,16231
E1,P3,Mot1-1_32C_4h,TDH3,ACO1,88250,16027
E1,P1,Mot1-1_32C_4h,TDH3,ADE2,102481,15363
E1,P2,Mot1-1_32C_4h,TDH3,ADE2,102574,16231
E1,P3,Mot1-1_32C_4h,TDH3,ADE2,119903,16027
E1,P1,Mot1-1_32C_4h,TDH3,ICL1,91291,15363
E1,P2,Mot1-1_32C_4h,TDH3,ICL1,95538,16231
E1,P3,Mot1-1_32C_4h,TDH3,ICL1,87153,16027
E1,P1,Mot1-1_32C_4h,TDH3,LEU9,15783,15363
E1,P2,Mot1-1_32C_4h,TDH3,LEU9,16657,16231
E1,P3,Mot1-1_32C_4h,TDH3,LEU9,16104,16027
E1,P1,Mot1-1_32C_4h,TDH3,PDC1,326218,15363
E1,P2,Mot1-1_32C_4h,TDH3,PDC1,368416,16231
E1,P3,Mot1-1_32C_4h,TDH3,PDC1,325843,16027
E1,P1,Mot1-1_32C_4h,TDH3,PGK1,139579,15363
E1,P2,Mot1-1_32C_4h,TDH3,PGK1,158225,16231
E1,P3,Mot1-1_32C_4h,TDH3,PGK1,142334,16027
E1,P1,Mot1-1_32C_4h,TDH3,RPL28,102244,15363
E1,P2,Mot1-1_32C_4h,TDH3,RPL28,110454,16231
E1,P3,Mot1-1_32C_4h,TDH3,RPL28,100750,16027
E1,P1,Mot1-1_32C_4h,TDH3,TDH3,312880,15363
E1,P2,Mot1-1_32C_4h,TDH3,TDH3,330491,16231
E1,P3,Mot1-1_32C_4h,TDH3,TDH3,303550,16027
E1,P1,Mot1-1_32C_4h,TDH3,TPI1,158667,15363
E1,P2,Mot1-1_32C_4h,TDH3,TPI1,164185,16231
E1,P3,Mot1-1_32C_4h,TDH3,TPI1,158110,16027
E1,P1,Mot1-1_32C_4h,TPI1,ACO1,64912,15363
E1,P2,Mot1-1_32C_4h,TPI1,ACO1,58111,16231
E1,P3,Mot1-1_32C_4h,TPI1,ACO1,64334,16027
E1,P1,Mot1-1_32C_4h,TPI1,ADE2,49902,15363
E1,P2,Mot1-1_32C_4h,TPI1,ADE2,54603,16231
E1,P3,Mot1-1_32C_4h,TPI1,ADE2,52904,16027
E1,P1,Mot1-1_32C_4h,TPI1,ICL1,50067,15363
E1,P2,Mot1-1_32C_4h,TPI1,ICL1,50209,16231
E1,P3,Mot1-1_32C_4h,TPI1,ICL1,49399,16027
E1,P1,Mot1-1_32C_4h,TPI1,LEU9,15958,15363
E1,P2,Mot1-1_32C_4h,TPI1,LEU9,15559,16231
E1,P3,Mot1-1_32C_4h,TPI1,LEU9,16086,16027
E1,P1,Mot1-1_32C_4h,TPI1,PDC1,240369,15363
E1,P2,Mot1-1_32C_4h,TPI1,PDC1,217695,16231
E1,P3,Mot1-1_32C_4h,TPI1,PDC1,220375,16027
E1,P1,Mot1-1_32C_4h,TPI1,PGK1,84882,15363
E1,P2,Mot1-1_32C_4h,TPI1,PGK1,74962,16231
E1,P3,Mot1-1_32C_4h,TPI1,PGK1,81602,16027
E1,P1,Mot1-1_32C_4h,TPI1,RPL28,57710,15363
E1,P2,Mot1-1_32C_4h,TPI1,RPL28,54811,16231
E1,P3,Mot1-1_32C_4h,TPI1,RPL28,58627,16027
E1,P1,Mot1-1_32C_4h,TPI1,TDH3,207697,15363
E1,P2,Mot1-1_32C_4h,TPI1,TDH3,183592,16231
E1,P3,Mot1-1_32C_4h,TPI1,TDH3,191364,16027
E1,P1,Mot1-1_32C_4h,TPI1,TPI1,96455,15363
E1,P2,Mot1-1_32C_4h,TPI1,TPI1,92607,16231
E1,P3,Mot1-1_32C_4h,TPI1,TPI1,94716,16027
E1,P1,Rsc2D,ACO1,ACO1,32407,23999
E1,P2,Rsc2D,ACO1,ACO1,36004,23632
E1,P3,Rsc2D,ACO1,ACO1,35557,28274
E1,P1,Rsc2D,ACO1,ADE2,37646,23999
E1,P2,Rsc2D,ACO1,ADE2,38380,23632
E1,P3,Rsc2D,ACO1,ADE2,41109,28274
E1,P1,Rsc2D,ACO1,ICL1,39702,23999
E1,P2,Rsc2D,ACO1,ICL1,35725,23632
E1,P3,Rsc2D,ACO1,ICL1,39638,28274
E1,P1,Rsc2D,ACO1,LEU9,25835,23999
E1,P2,Rsc2D,ACO1,LEU9,25330,23632
E1,P3,Rsc2D,ACO1,LEU9,27582,28274
E1,P1,Rsc2D,ACO1,PDC1,64663,23999
E1,P2,Rsc2D,ACO1,PDC1,73680,23632
E1,P3,Rsc2D,ACO1,PDC1,65590,28274
E1,P1,Rsc2D,ACO1,PGK1,35011,23999
E1,P2,Rsc2D,ACO1,PGK1,36244,23632
E1,P3,Rsc2D,ACO1,PGK1,33485,28274
E1,P1,Rsc2D,ACO1,RPL28,35787,23999
E1,P2,Rsc2D,ACO1,RPL28,35024,23632
E1,P3,Rsc2D,ACO1,RPL28,36525,28274
E1,P1,Rsc2D,ACO1,TDH3,42023,23999
E1,P2,Rsc2D,ACO1,TDH3,50220,23632
E1,P3,Rsc2D,ACO1,TDH3,44530,28274
E1,P1,Rsc2D,ACO1,TPI1,36660,23999
E1,P2,Rsc2D,ACO1,TPI1,39051,23632
E1,P3,Rsc2D,ACO1,TPI1,39226,28274
E1,P1,Rsc2D,ADE2,ACO1,30617,23999
E1,P2,Rsc2D,ADE2,ACO1,28944,23632
E1,P3,Rsc2D,ADE2,ACO1,32276,28274
E1,P1,Rsc2D,ADE2,ADE2,28785,23999
E1,P2,Rsc2D,ADE2,ADE2,25746,23632
E1,P3,Rsc2D,ADE2,ADE2,28273,28274
E1,P1,Rsc2D,ADE2,ICL1,27422,23999
E1,P2,Rsc2D,ADE2,ICL1,21957,23632
E1,P3,Rsc2D,ADE2,ICL1,24682,28274
E1,P1,Rsc2D,ADE2,LEU9,32865,23999
E1,P2,Rsc2D,ADE2,LEU9,27479,23632
E1,P3,Rsc2D,ADE2,LEU9,27770,28274
E1,P1,Rsc2D,ADE2,PDC1,30502,23999
E1,P2,Rsc2D,ADE2,PDC1,27752,23632
E1,P3,Rsc2D,ADE2,PDC1,30301,28274
E1,P1,Rsc2D,ADE2,PGK1,29722,23999
E1,P2,Rsc2D,ADE2,PGK1,28219,23632
E1,P3,Rsc2D,ADE2,PGK1,29319,28274
E1,P1,Rsc2D,ADE2,RPL28,28116,23999
E1,P2,Rsc2D,ADE2,RPL28,26704,23632
E1,P3,Rsc2D,ADE2,RPL28,30622,28274
E1,P1,Rsc2D,ADE2,TDH3,32497,23999
E1,P2,Rsc2D,ADE2,TDH3,31647,23632
E1,P3,Rsc2D,ADE2,TDH3,33170,28274
E1,P1,Rsc2D,ADE2,TPI1,31207,23999
E1,P2,Rsc2D,ADE2,TPI1,31120,23632
E1,P3,Rsc2D,ADE2,TPI1,35130,28274
E1,P1,Rsc2D,ICL1,ACO1,25248,23999
E1,P2,Rsc2D,ICL1,ACO1,30025,23632
E1,P3,Rsc2D,ICL1,ACO1,27286,28274
E1,P1,Rsc2D,ICL1,ADE2,27288,23999
E1,P2,Rsc2D,ICL1,ADE2,26909,23632
E1,P3,Rsc2D,ICL1,ADE2,31690,28274
E1,P1,Rsc2D,ICL1,ICL1,24949,23999
E1,P2,Rsc2D,ICL1,ICL1,26157,23632
E1,P3,Rsc2D,ICL1,ICL1,27909,28274
E1,P1,Rsc2D,ICL1,LEU9,24671,23999
E1,P2,Rsc2D,ICL1,LEU9,25413,23632
E1,P3,Rsc2D,ICL1,LEU9,27527,28274
E1,P1,Rsc2D,ICL1,PDC1,28566,23999
E1,P2,Rsc2D,ICL1,PDC1,33741,23632
E1,P3,Rsc2D,ICL1,PDC1,29978,28274
E1,P1,Rsc2D,ICL1,PGK1,23928,23999
E1,P2,Rsc2D,ICL1,PGK1,28983,23632
E1,P3,Rsc2D,ICL1,PGK1,24982,28274
E1,P1,Rsc2D,ICL1,RPL28,24281,23999
E1,P2,Rsc2D,ICL1,RPL28,27445,23632
E1,P3,Rsc2D,ICL1,RPL28,25630,28274
E1,P1,Rsc2D,ICL1,TDH3,23819,23999
E1,P2,Rsc2D,ICL1,TDH3,30282,23632
E1,P3,Rsc2D,ICL1,TDH3,25850,28274
E1,P1,Rsc2D,ICL1,TPI1,24724,23999
E1,P2,Rsc2D,ICL1,TPI1,29120,23632
E1,P3,Rsc2D,ICL1,TPI1,27411,28274
E1,P1,Rsc2D,LEU9,ACO1,32111,23999
E1,P2,Rsc2D,LEU9,ACO1,36742,23632
E1,P3,Rsc2D,LEU9,ACO1,35704,28274
E1,P1,Rsc2D,LEU9,ADE2,26106,23999
E1,P2,Rsc2D,LEU9,ADE2,27815,23632
E1,P3,Rsc2D,LEU9,ADE2,31467,28274
E1,P1,Rsc2D,LEU9,ICL1,45149,23999
E1,P2,Rsc2D,LEU9,ICL1,39900,23632
E1,P3,Rsc2D,LEU9,ICL1,52235,28274
E1,P1,Rsc2D,LEU9,LEU9,25636,23999
E1,P2,Rsc2D,LEU9,LEU9,25564,23632
E1,P3,Rsc2D,LEU9,LEU9,28558,28274
E1,P1,Rsc2D,LEU9,PDC1,69207,23999
E1,P2,Rsc2D,LEU9,PDC1,57968,23632
E1,P3,Rsc2D,LEU9,PDC1,58593,28274
E1,P1,Rsc2D,LEU9,PGK1,62262,23999
E1,P2,Rsc2D,LEU9,PGK1,60563,23632
E1,P3,Rsc2D,LEU9,PGK1,62744,28274
E1,P1,Rsc2D,LEU9,RPL28,35205,23999
E1,P2,Rsc2D,LEU9,RPL28,36260,23632
E1,P3,Rsc2D,LEU9,RPL28,38796,28274
E1,P1,Rsc2D,LEU9,TDH3,62497,23999
E1,P2,Rsc2D,LEU9,TDH3,61996,23632
E1,P3,Rsc2D,LEU9,TDH3,67000,28274
E1,P1,Rsc2D,LEU9,TPI1,38609,23999
E1,P2,Rsc2D,LEU9,TPI1,40089,23632
E1,P3,Rsc2D,LEU9,TPI1,45084,28274
E1,P1,Rsc2D,PDC1,ACO1,38114,23999
E1,P2,Rsc2D,PDC1,ACO1,40603,23632
E1,P3,Rsc2D,PDC1,ACO1,44706,28274
E1,P1,Rsc2D,PDC1,ADE2,9935,23999
E1,P2,Rsc2D,PDC1,ADE2,9723,23632
E1,P3,Rsc2D,PDC1,ADE2,10881,28274
E1,P1,Rsc2D,PDC1,ICL1,42023,23999
E1,P2,Rsc2D,PDC1,ICL1,39135,23632
E1,P3,Rsc2D,PDC1,ICL1,38177,28274
E1,P1,Rsc2D,PDC1,LEU9,26548,23999
E1,P2,Rsc2D,PDC1,LEU9,25442,23632
E1,P3,Rsc2D,PDC1,LEU9,27198,28274
E1,P1,Rsc2D,PDC1,PDC1,77312,23999
E1,P2,Rsc2D,PDC1,PDC1,84650,23632
E1,P3,Rsc2D,PDC1,PDC1,71506,28274
E1,P1,Rsc2D,PDC1,PGK1,45905,23999
E1,P2,Rsc2D,PDC1,PGK1,47912,23632
E1,P3,Rsc2D,PDC1,PGK1,49076,28274
E1,P1,Rsc2D,PDC1,RPL28,42608,23999
E1,P2,Rsc2D,PDC1,RPL28,43677,23632
E1,P3,Rsc2D,PDC1,RPL28,42096,28274
E1,P1,Rsc2D,PDC1,TDH3,60543,23999
E1,P2,Rsc2D,PDC1,TDH3,76625,23632
E1,P3,Rsc2D,PDC1,TDH3,58425,28274
E1,P1,Rsc2D,PDC1,TPI1,46946,23999
E1,P2,Rsc2D,PDC1,TPI1,50508,23632
E1,P3,Rsc2D,PDC1,TPI1,47820,28274
E1,P1,Rsc2D,PGK1,ACO1,46874,23999
E1,P2,Rsc2D,PGK1,ACO1,49236,23632
E1,P3,Rsc2D,PGK1,ACO1,47902,28274
E1,P1,Rsc2D,PGK1,ADE2,59352,23999
E1,P2,Rsc2D,PGK1,ADE2,53226,23632
E1,P3,Rsc2D,PGK1,ADE2,55057,28274
E1,P1,Rsc2D,PGK1,ICL1,63136,23999
E1,P2,Rsc2D,PGK1,ICL1,55049,23632
E1,P3,Rsc2D,PGK1,ICL1,56156,28274
E1,P1,Rsc2D,PGK1,LEU9,26860,23999
E1,P2,Rsc2D,PGK1,LEU9,26699,23632
E1,P3,Rsc2D,PGK1,LEU9,29024,28274
E1,P1,Rsc2D,PGK1,PDC1,84512,23999
E1,P2,Rsc2D,PGK1,PDC1,97656,23632
E1,P3,Rsc2D,PGK1,PDC1,92524,28274
E1,P1,Rsc2D,PGK1,PGK1,60954,23999
E1,P2,Rsc2D,PGK1,PGK1,61871,23632
E1,P3,Rsc2D,PGK1,PGK1,60063,28274
E1,P1,Rsc2D,PGK1,RPL28,50268,23999
E1,P2,Rsc2D,PGK1,RPL28,50667,23632
E1,P3,Rsc2D,PGK1,RPL28,47023,28274
E1,P1,Rsc2D,PGK1,TDH3,87720,23999
E1,P2,Rsc2D,PGK1,TDH3,88906,23632
E1,P3,Rsc2D,PGK1,TDH3,86354,28274
E1,P1,Rsc2D,PGK1,TPI1,55419,23999
E1,P2,Rsc2D,PGK1,TPI1,58299,23632
E1,P3,Rsc2D,PGK1,TPI1,68051,28274
E1,P1,Rsc2D,RPL28,ACO1,59720,23999
E1,P2,Rsc2D,RPL28,ACO1,57919,23632
E1,P3,Rsc2D,RPL28,ACO1,58585,28274
E1,P1,Rsc2D,RPL28,ADE2,48853,23999
E1,P2,Rsc2D,RPL28,ADE2,43809,23632
E1,P3,Rsc2D,RPL28,ADE2,45801,28274
E1,P1,Rsc2D,RPL28,ICL1,25109,23999
E1,P2,Rsc2D,RPL28,ICL1,25612,23632
E1,P3,Rsc2D,RPL28,ICL1,27350,28274
E1,P1,Rsc2D,RPL28,LEU9,27680,23999
E1,P2,Rsc2D,RPL28,LEU9,27031,23632
E1,P3,Rsc2D,RPL28,LEU9,29353,28274
E1,P1,Rsc2D,RPL28,PDC1,37895,23999
E1,P2,Rsc2D,RPL28,PDC1,40223,23632
E1,P3,Rsc2D,RPL28,PDC1,37972,28274
E1,P1,Rsc2D,RPL28,PGK1,36713,23999
E1,P2,Rsc2D,RPL28,PGK1,38004,23632
E1,P3,Rsc2D,RPL28,PGK1,38845,28274
E1,P1,Rsc2D,RPL28,RPL28,41139,23999
E1,P2,Rsc2D,RPL28,RPL28,40277,23632
E1,P3,Rsc2D,RPL28,RPL28,38396,28274
E1,P1,Rsc2D,RPL28,TDH3,46784,23999
E1,P2,Rsc2D,RPL28,TDH3,59282,23632
E1,P3,Rsc2D,RPL28,TDH3,49899,28274
E1,P1,Rsc2D,RPL28,TPI1,38504,23999
E1,P2,Rsc2D,RPL28,TPI1,41597,23632
E1,P3,Rsc2D,RPL28,TPI1,40985,28274
E1,P1,Rsc2D,TDH3,ACO1,64958,23999
E1,P2,Rsc2D,TDH3,ACO1,67834,23632
E1,P3,Rsc2D,TDH3,ACO1,66661,28274
E1,P1,Rsc2D,TDH3,ADE2,78091,23999
E1,P2,Rsc2D,TDH3,ADE2,81436,23632
E1,P3,Rsc2D,TDH3,ADE2,84669,28274
E1,P1,Rsc2D,TDH3,ICL1,71724,23999
E1,P2,Rsc2D,TDH3,ICL1,73335,23632
E1,P3,Rsc2D,TDH3,ICL1,67263,28274
E1,P1,Rsc2D,TDH3,LEU9,23054,23999
E1,P2,Rsc2D,TDH3,LEU9,23112,23632
E1,P3,Rsc2D,TDH3,LEU9,23535,28274
E1,P1,Rsc2D,TDH3,PDC1,171933,23999
E1,P2,Rsc2D,TDH3,PDC1,161994,23632
E1,P3,Rsc2D,TDH3,PDC1,186128,28274
E1,P1,Rsc2D,TDH3,PGK1,76763,23999
E1,P2,Rsc2D,TDH3,PGK1,86739,23632
E1,P3,Rsc2D,TDH3,PGK1,84278,28274
E1,P1,Rsc2D,TDH3,RPL28,56968,23999
E1,P2,Rsc2D,TDH3,RPL28,58754,23632
E1,P3,Rsc2D,TDH3,RPL28,56567,28274
E1,P1,Rsc2D,TDH3,TDH3,127011,23999
E1,P2,Rsc2D,TDH3,TDH3,142331,23632
E1,P3,Rsc2D,TDH3,TDH3,135574,28274
E1,P1,Rsc2D,TDH3,TPI1,81861,23999
E1,P2,Rsc2D,TDH3,TPI1,87424,23632
E1,P3,Rsc2D,TDH3,TPI1,90544,28274
E1,P1,Rsc2D,TPI1,ACO1,43074,23999
E1,P2,Rsc2D,TPI1,ACO1,44350,23632
E1,P3,Rsc2D,TPI1,ACO1,43348,28274
E1,P1,Rsc2D,TPI1,ADE2,49981,23999
E1,P2,Rsc2D,TPI1,ADE2,50776,23632
E1,P3,Rsc2D,TPI1,ADE2,54697,28274
E1,P1,Rsc2D,TPI1,ICL1,51745,23999
E1,P2,Rsc2D,TPI1,ICL1,49155,23632
E1,P3,Rsc2D,TPI1,ICL1,54497,28274
E1,P1,Rsc2D,TPI1,LEU9,24629,23999
E1,P2,Rsc2D,TPI1,LEU9,25645,23632
E1,P3,Rsc2D,TPI1,LEU9,27332,28274
E1,P1,Rsc2D,TPI1,PDC1,137275,23999
E1,P2,Rsc2D,TPI1,PDC1,158986,23632
E1,P3,Rsc2D,TPI1,PDC1,131343,28274
E1,P1,Rsc2D,TPI1,PGK1,54670,23999
E1,P2,Rsc2D,TPI1,PGK1,55223,23632
E1,P3,Rsc2D,TPI1,PGK1,53802,28274
E1,P1,Rsc2D,TPI1,RPL28,39491,23999
E1,P2,Rsc2D,TPI1,RPL28,44182,23632
E1,P3,Rsc2D,TPI1,RPL28,38282,28274
E1,P1,Rsc2D,TPI1,TDH3,118871,23999
E1,P2,Rsc2D,TPI1,TDH3,162005,23632
E1,P3,Rsc2D,TPI1,TDH3,132014,28274
E1,P1,Rsc2D,TPI1,TPI1,54456,23999
E1,P2,Rsc2D,TPI1,TPI1,62996,23632
E1,P3,Rsc2D,TPI1,TPI1,54875,28274
